Banco;ID;Emp;Tipo;Regra;Descricao;Debito;D-Terc;D-C/C;Credito;C-Terc;C-C/C;Historico
237;2167;9999;D;COM;ADIANT 13SALARIO VIA NET;1191201;;;#BCO;;;ADIANT 13SALARIO VIA NET
237;2750;9999;D;COM;ADIANT SALARIO VIA NET;1191201;;;#BCO;;;ADIANT SALARIO VIA NET
237;12296;9999;D;COM;ADIANTAMENTO DE DIARIAS;1191201;;;#BCO;;;ADIANTAMENTO DE DIARIAS
237;135;9999;D;COM;ADITAMENTO OPER DESCONTO;1191201;;;#BCO;;;ADITAMENTO OPER DESCONTO
237;5798;9999;C;COM;AMEX CREDITO BCO BRADESCO CARTOES S/A PAGFO;#BCO;;;1191101;;;AMEX CREDITO BCO BRADESCO CARTOES S/A PAGFO
237;1270;9999;C;COM;ANTECIPACAO DE CARTAO;#BCO;;;11211;151299;;ANTECIPACAO DE CARTAO
237;12804;9999;D;COM;APLI. INVEST FAC;500545;;;100481;;;APLI. INVEST FAC
237;12582;9999;D;COM;APLIC.INVEST FACIL;05965;;;#BCO;;;APLIC.INVEST FACIL
237;6065;9999;D;COM;APLIC.INVEST PLUS;05246;;;#BCO;;;APLIC.INVEST PLUS
237;1127;9999;D;COM;APLICACAO AUTOMATICA;05231;;;#BCO;;;APLICACAO AUTOMATICA
237;12727;9999;D;COM;APLICACAO CDB;05560;;;#BCO;;;APLICACAOATE DE INVESTIMENTOS
237;1215;9999;D;COM;APLICACAO EM FUNDOS;1191301;;;#BCO;;;APLICACAO EM FUNDOS
237;158;9999;D;COM;APLICACAO EM FUNDOS BRAD E FICFIDI TOP;05024;;;#BCO;;;APLICACAO EM FUNDOS BRAD E FICFIDI TOP
237;6263;9999;D;COM;APLICACAO EM FUNDOS FIC RF DI HIPERFUNDO;05123;;;#BCO;;;APLICACAO EM FUNDOS FIC RF DI HIPERFUNDO
237;3703;9999;D;COM;APLICACAO EM FUNDOS FICFIRF DI SPECIAL;05024;;;#BCO;;;APLICACAO EM FUNDOS FICFIRF DI SPECIAL
237;11593;9999;D;COM;APLICACAO EM FUNDOS FICFIRF SIMPLES ONIX;05001;;;#BCO;;;APLICACAO EM FUNDOS FICFIRF SIMPLES ONIX
237;12619;9999;D;COM;APLICACAO EM FUNDOS SIMPLES AUTOM;05983;;;00987;;;APLICACAO EM FUNDOS SIMPLES AUTOM
237;1129;9999;D;COM;APLICACAO EM PAPEIS;11812;;;#BCO;;;APLICACAO EM PAPEIS
237;11767;9999;C;COM;APLICACAO INVESTIMENTOS;1100003;;;#BCO;;;APLICACAO INVESTIMENTOS
237;140;9999;D;COM;APLICACAO MERCADO ABERTO;11812;;;#BCO;;;APLICACAO MERCADO ABERTO
237;3527;9999;D;COM;APLICACOES EM PAPEIS;05005;;;#BCO;;;APLICACOES EM PAPEIS
237;1568;9999;D;COM;AQUISICAO/DEVOLUCAO-SEG.;1191201;;;#BCO;;;AQUISICAO/DEVOLUCAO-SEG.
237;2896;9999;C;COM;BAIXA AUTOMAT POUPANCA*;#BCO;;;05011;;;BAIXA AUTOMAT POUPANCA*
237;11578;9999;C;COM;BAIXA AUTOMATICA FUNDOS;00010;;;05001;;;BAIXA AUTOMATICA FUNDOS
237;84;9999;D;COM;BAIXA OPERACAO DESCONTO;5713003;;;#BCO;;;BAIXA OPERACAO DESCONTO
237;2185;9999;D;COM;BLOQUEIO-ORDEM JUDICIAL;12112;;;#BCO;;;BLOQUEIO-ORDEM JUDICIAL
237;4247;9999;D;COM;BLOQUEIO-ORDEM JUDICIAL OFICIO;12112;;;#BCO;;;BLOQUEIO-ORDEM JUDICIAL OFICIO
237;1264;9999;D;COM;BRADESCO NET EMPRESA INTERNET  GARE;1191201;;;#BCO;;;BRADESCO NET EMPRESA INTERNET  GARE
237;157;9999;D;COM;BRADESCO NET EMPRESA INTERNET  GARE-DR;1191201;;;#BCO;;;BRADESCO NET EMPRESA INTERNET  GARE-DR
237;582;9999;D;COM;BRADESCO NET EMPRESA INTERNET  GARE-ICMS;1191201;;;#BCO;;;BRADESCO NET EMPRESA INTERNET  GARE-ICMS
237;4147;9999;D;COM;BRADESCO NET EMPRESA INTERNET GARE-ICMS;1191201;;;#BCO;;;BRADESCO NET EMPRESA INTERNET GARE-ICMS
237;938;9999;D;COM;BRADESCO NET EMPRESA NET EMPRESA;1191201;;;#BCO;;;BRADESCO NET EMPRESA NET EMPRESA
237;12587;9999;D;COM;BRADESCO NET EMPRESA NET EMPRESA DARF 0220;1191201;;;#BCO;;;BRADESCO NET EMPRESA NET EMPRESA DARF 0220
237;143;9999;D;COM;BRADESCO NET EMPRESA NET EMPRESA DARF 0473;1191201;;;#BCO;;;BRADESCO NET EMPRESA NET EMPRESA DARF 0473
237;40;9999;D;COM;BRADESCO NET EMPRESA NET EMPRESA DARF 0561;1191201;;;#BCO;;;BRADESCO NET EMPRESA NET EMPRESA DARF 0561
237;11597;9999;D;COM;BRADESCO NET EMPRESA NET EMPRESA DARF 1070;1191201;;;#BCO;;;BRADESCO NET EMPRESA NET EMPRESA DARF 1070
237;118;9999;D;COM;BRADESCO NET EMPRESA NET EMPRESA DARF 1708;1191201;;;#BCO;;;BRADESCO NET EMPRESA NET EMPRESA DARF 1708
237;116;9999;D;COM;BRADESCO NET EMPRESA NET EMPRESA DARF 2089;1191201;;;#BCO;;;BRADESCO NET EMPRESA NET EMPRESA DARF 2089
237;41;9999;D;COM;BRADESCO NET EMPRESA NET EMPRESA DARF 2172;1191201;;;#BCO;;;BRADESCO NET EMPRESA NET EMPRESA DARF 2172
237;117;9999;D;COM;BRADESCO NET EMPRESA NET EMPRESA DARF 2372;1191201;;;#BCO;;;BRADESCO NET EMPRESA NET EMPRESA DARF 2372
237;11579;9999;D;COM;BRADESCO NET EMPRESA NET EMPRESA DARF 4737;1191201;;;#BCO;;;BRADESCO NET EMPRESA NET EMPRESA DARF 4737
237;11580;9999;D;COM;BRADESCO NET EMPRESA NET EMPRESA DARF 4750;1191201;;;#BCO;;;BRADESCO NET EMPRESA NET EMPRESA DARF 4750
237;12444;9999;D;COM;BRADESCO NET EMPRESA NET EMPRESA DARF 5123;1191201;;;#BCO;;;BRADESCO NET EMPRESA NET EMPRESA DARF 5123
237;136;9999;D;COM;BRADESCO NET EMPRESA NET EMPRESA DARF 5856;1191201;;;#BCO;;;BRADESCO NET EMPRESA NET EMPRESA DARF 5856
237;73;9999;D;COM;BRADESCO NET EMPRESA NET EMPRESA DARF 5952;1191201;;;#BCO;;;BRADESCO NET EMPRESA NET EMPRESA DARF 5952
237;12588;9999;D;COM;BRADESCO NET EMPRESA NET EMPRESA DARF 6012;1191201;;;#BCO;;;BRADESCO NET EMPRESA NET EMPRESA DARF 6012
237;515;9999;D;COM;BRADESCO NET EMPRESA NET EMPRESA DARF 6621;1191201;;;#BCO;;;BRADESCO NET EMPRESA NET EMPRESA DARF 6621
237;137;9999;D;COM;BRADESCO NET EMPRESA NET EMPRESA DARF 6912;1191201;;;#BCO;;;BRADESCO NET EMPRESA NET EMPRESA DARF 6912
237;119;9999;D;COM;BRADESCO NET EMPRESA NET EMPRESA DARF 8045;1191201;;;#BCO;;;BRADESCO NET EMPRESA NET EMPRESA DARF 8045
237;42;9999;D;COM;BRADESCO NET EMPRESA NET EMPRESA DARF 8109;1191201;;;#BCO;;;BRADESCO NET EMPRESA NET EMPRESA DARF 8109
237;4239;9999;C;COM;BX AUTOMATICA APLICACOES;#BCO;;;05203;;;BX AUTOMATICA APLICACOES
237;824;9999;D;COM;BX.ANT.FINANC/EMP-DBTP AMORTIZ. SALDO ;1191201;;;#BCO;;;BX.ANT.FINANC/EMP-DBTP AMORTIZ. SALDO 
237;511;9999;D;COM;CAMBIO EXPORTACAO;1191201;;;#BCO;;;CAMBIO EXPORTACAO
237;12867;9999;C;COM;CAMBIO EXPORTACAO CAMBIO EXP CTR   000000446216531;#BCO;;;1191101;;;CAMBIO EXPORTACAO CAMBIO EXP CTR   000000446216531
237;510;9999;D;COM;CAMBIO FINANCEIRO;1191201;;;#BCO;;;CAMBIO FINANCEIRO
237;138;9999;D;COM;CAMBIO IMPORTACAO;1191201;;;#BCO;;;CAMBIO IMPORTACAO
237;147;9999;D;COM;CAP.GIRO CURTO PRAZO;1191201;;;#BCO;;;CAP.GIRO CURTO PRAZO
237;3296;9999;D;COM;CARGA CARTAO TRANSPORTES ;1191201;;;#BCO;;;CARGA CARTAO TRANSPORTES 
237;3016;9999;D;COM;CARNET ESPECIE;1191201;;;#BCO;;;CARNET ESPECIE
237;2904;9999;D;COM;CARTAO CREDITO ANUIDADE;1191201;;;#BCO;;;CARTAO CREDITO ANUIDADE
237;3528;9999;D;COM;CARTAO VISA ELECTRON;1191201;;;#BCO;;;CARTAO VISA ELECTRON
237;3;9999;D;COM;CHEQUE;1191201;;;#BCO;;;CHEQUE
237;4275;9999;D;COM;CHEQUE COMPENSADO;1191201;;;#BCO;;;CHEQUE COMPENSADO
237;4132;9999;D;COM;CHEQUE ESPECIE;1191201;;;#BCO;;;CHEQUE ESPECIE
237;58;9999;D;COM;CHQ.;11411;;;#BCO;;;CHQ.
237;9412;9999;C;COM;CIELO AMEX CIELO SA;#BCO;;;1191101;;;CIELO AMEX CIELO SA
237;10239;9999;C;COM;CIELO HIPER CREDITO CIELO SA;#BCO;;;1191101;;;CIELO HIPER CREDITO CIELO SA
237;89;9999;C;COM;CIELO VDA CREDITO DINERS;#BCO;;;1191101;;;CIELO VDA CREDITO DINERS
237;988;9999;C;COM;CIELO VDA CREDITO DINERS CIA BRAS DE MEIOS DE PAGAMENTO;#BCO;;;1191101;;;CIELO VDA CREDITO DINERS CIA BRAS DE MEIOS DE PAGAMENTO
237;823;9999;C;COM;CIELO VDA CREDITO ELO CIA BRAS DE MEIOS DE PAGAMENTO;#BCO;;;1191101;;;CIELO VDA CREDITO ELO CIA BRAS DE MEIOS DE PAGAMENTO
237;10238;9999;C;COM;CIELO VDA CREDITO ELO CIELO SA;#BCO;;;1191101;;;CIELO VDA CREDITO ELO CIELO SA
237;81;9999;C;COM;CIELO VDA CREDITO MASTER;#BCO;;;1191101;;;CIELO VDA CREDITO MASTER
237;746;9999;C;COM;CIELO VDA CREDITO MASTER CIA BRAS DE MEIOS DE PAGAMENTO;#BCO;;;1191101;;;CIELO VDA CREDITO MASTER CIA BRAS DE MEIOS DE PAGAMENTO
237;145;9999;C;COM;CIELO VDA DEBITO;#BCO;;;1191101;;;CIELO VDA DEBITO
237;619;9999;C;COM;CIELO VDA DEBITO ELO CIA BRAS DE MEIOS DE PAGAMENTO;#BCO;;;1191101;;;CIELO VDA DEBITO ELO CIA BRAS DE MEIOS DE PAGAMENTO
237;80;9999;C;COM;CIELO VDA DEBITO MASTER;#BCO;;;1191101;;;CIELO VDA DEBITO MASTER
237;146;9999;C;COM;CIELO VDA DEBITO MASTER CIA BRAS DE MEIOS DE PAGAMENTO;#BCO;;;1191101;;;CIELO VDA DEBITO MASTER CIA BRAS DE MEIOS DE PAGAMENTO
237;3582;9999;C;COM;COBR RATEIO DE CREDITO;#BCO;;;1191101;;;COBR RATEIO DE CREDITO
237;943;9999;D;COM;COMISSAO SOBRE FIANCAS;5713003;;;#BCO;;;COMISSAO SOBRE FIANCAS
237;520;9999;D;COM;COMISSAO SOBRE FIANCAS ENCARGO ANTECIPADO;5715002;;;#BCO;;;COMISSAO SOBRE FIANCAS ENCARGO ANTECIPADO
237;76;9999;D;COM;COMISSAO VENDAS CARTAO;52411;;;#BCO;;;COMISSAO VENDAS CARTAO
237;4020;9999;D;COM;CONTA DE AGUA E ESGOTO INTERNET;1191201;;;#BCO;;;CONTA DE AGUA E ESGOTO INTERNET
237;12566;9999;D;COM;CONTA DE AGUA SABESP;1191201;;;#BCO;;;CONTA DE AGUA SABESP
237;3535;9999;D;COM;CONTA DE AGUA SABESP-0550794310;1191201;;;#BCO;;;CONTA DE AGUA SABESP-0550794310
237;6270;9999;D;COM;CONTA DE GAS INTERNET --COMGAS/SP;1191201;;;#BCO;;;CONTA DE GAS INTERNET --COMGAS/SP
237;4108;9999;D;COM;CONTA DE LUZ B.D.N.-ELETROPAULO METROP.;1191201;;;#BCO;;;CONTA DE LUZ B.D.N.-ELETROPAULO METROP.
237;12836;9999;D;COM;CONTA DE LUZ CPFL PIRATININGA/SP;1191201;;;#BCO;;;CONTA DE LUZ CPFL PIRATININGA/SP
237;92;9999;D;COM;CONTA DE LUZ ELETROPAULO/SP;1191201;;;#BCO;;;CONTA DE LUZ ELETROPAULO/SP
237;11595;9999;D;COM;CONTA DE LUZ INTERNET --ENERSUL/MS;1191201;;;#BCO;;;CONTA DE LUZ INTERNET --ENERSUL/MS
237;59;9999;D;COM;CONTA DE TELEFONE;1191201;;;#BCO;;;CONTA DE TELEFONE
237;12563;9999;D;COM;CONTA DE TELEFONE INTERNET --CLARO S.A.;1191201;;;#BCO;;;CONTA DE TELEFONE INTERNET --CLARO S.A.
237;6194;9999;D;COM;CONTA DE TELEFONE INTERNET --CLARO SP DDD 11;1191201;;;#BCO;;;CONTA DE TELEFONE INTERNET --CLARO SP DDD 11
237;6242;9999;D;COM;CONTA DE TELEFONE INTERNET --TELEFONICA BRASIL S;1191201;;;#BCO;;;CONTA DE TELEFONE INTERNET --TELEFONICA BRASIL S
237;6186;9999;D;COM;CONTA DE TELEFONE INTERNET --TELEFONICA/SP;1191201;;;#BCO;;;CONTA DE TELEFONE INTERNET --TELEFONICA/SP
237;6083;9999;D;COM;CONTA DE TELEFONE INTERNET --VIVO/SP;1191201;;;#BCO;;;CONTA DE TELEFONE INTERNET --VIVO/SP
237;4804;9999;D;COM;COOBRIGACAO DESCONTO DIVERSOS RECEBIMENTOS;1191201;;;#BCO;;;COOBRIGACAO DESCONTO DIVERSOS RECEBIMENTOS
237;83;9999;D;COM;DEB DESCONTO DUPLICATAS;1191201;;;#BCO;;;DEB DESCONTO DUPLICATAS
237;15;9999;D;COM;DEBITO AUTOMATICO;1191201;;;#BCO;;;DEBITO AUTOMATICO
237;133;9999;D;COM;DEBITO DESCONTO CHEQUES;1191201;;;#BCO;;;DEBITO DESCONTO CHEQUES
237;822;9999;D;COM;DEBITO P/ORDEM DE FIRMAS CIELO;1191201;;;#BCO;;;DEBITO P/ORDEM DE FIRMAS CIELO
237;4276;9999;C;COM;DEBITO P/ORDEM DE FIRMAS CIELO S/A TEL.0800.570-8472;#BCO;;;1191101;;;DEBITO P/ORDEM DE FIRMAS CIELO S/A TEL.0800.570-8472
237;12875;9999;C;COM;DEP CHEQUE ATM AG00511MAQ036671SEQ06164;1191201;;;#BCO;;;DEP CHEQUE ATM AG00511MAQ036671SEQ06164
237;11581;9999;C;COM;DEP CHQ NET EMPRESA CRD DEP CH NET EMPRESA FIEL;#BCO;;;1191101;;;DEP CHQ NET EMPRESA CRD DEP CH NET EMPRESA FIEL
237;12814;9999;C;COM;DEP CORBAN DINHEIRO;#BCO;;;1191101;;;DEP CORBAN DINHEIRO
237;5795;9999;C;COM;DEP DINH C/C ;#BCO;;;1191101;;;DEP DINH C/C 
237;71;9999;C;COM;DEP DINH CORRESP BANC;#BCO;;;1191301;;;DEP DINH CORRESP BANC
237;3632;9999;C;COM;DEP DINH CORRESP BANC O PROPRIO FAVORECIDO;#BCO;;;1191101;;;DEP DINH CORRESP BANC O PROPRIO FAVORECIDO
237;12815;9999;C;COM;DEP DINHEIRO;#BCO;;;1191101;;;DEP DINHEIRO
237;12711;9999;C;COM;DEP DINHEIRO P/ TERC ;#BCO;;;1191101;;;DEP DINHEIRO P/ TERC 
237;12709;9999;C;COM;DEP DINHEIRO P/ TERC BDN AG00376MAQ040981SEQ06006;#BCO;;;1191101;;;DEP DINHEIRO P/ TERC BDN AG00376MAQ040981SEQ06006
237;12860;9999;C;COM;DEP DISPONIVEL INT AG *154435158000053;#BCO;;;1191101;;;DEP DISPONIVEL INT AG *154435158000053
237;12712;9999;C;COM;DEP ENTRE ;#BCO;;;1191101;;;DEP ENTRE 
237;66;9999;D;COM;DEP. IDENT. DP;1191201;;;#BCO;;;DEP. IDENT. DP
237;11089;9999;C;COM;DEP.DINHEIRO ;#BCO;;;1191101;;;DEP.DINHEIRO 
237;12710;9999;C;COM;DEPOS C/C DINHEIRO ;#BCO;;;1191101;;;DEPOS C/C DINHEIRO 
237;4598;9999;C;COM;DEPOS ENTRE AGS CHEQUE O PROPRIO FAVORECIDO;#BCO;;;1191101;;;DEPOS ENTRE AGS CHEQUE O PROPRIO FAVORECIDO
237;12636;9999;C;COM;DEPOS ENTRE AGS DINHEIRO;#BCO;;;1191101;;;DEPOS ENTRE AGS DINHEIRO
237;6089;9999;C;COM;DEPOS ENTRE AGS DINHEIRO O PROPRIO FAVORECIDO;#BCO;;;1191101;;;DEPOS ENTRE AGS DINHEIRO O PROPRIO FAVORECIDO
237;12637;9999;C;COM;DEPOSIT TRANSFER BDN;#BCO;;;1191101;;;DEPOSIT TRANSFER BDN
237;4097;9999;D;COM;DEPOSIT TRANSFER BDN A. J. da Silveira Lima Me;1191201;;;#BCO;;;DEPOSIT TRANSFER BDN A. J. da Silveira Lima Me
237;4611;9999;C;COM;DEPOSITO C/C AUTOAT;#BCO;;;1191101;;;DEPOSITO C/C AUTOAT
237;6243;9999;C;COM;DEPOSITO C/C BDN;#BCO;;;1191101;;;DEPOSITO C/C BDN
237;11582;9999;C;COM;DEPOSITO CHEQUE C/C-BDN;#BCO;;;1191101;;;DEPOSITO CHEQUE C/C-BDN
237;4111;9999;C;COM;DEPOSITO EM CHEQUE O PROPRIO FAVORECIDO;#BCO;;;1191101;;;DEPOSITO EM CHEQUE O PROPRIO FAVORECIDO
237;12702;9999;C;COM;DEPOSITO EM DINHEIRO;#BCO;;;1191101;;;DEPOSITO EM DINHEIRO
237;4672;9999;C;COM;DEPOSITO EM DINHEIRO ANTONIO C. N. S. C. C. -. E.;#BCO;;;1191101;;;DEPOSITO EM DINHEIRO ANTONIO C. N. S. C. C. -. E.
237;6084;9999;C;COM;DEPOSITO EM DINHEIRO O PROPRIO FAVORECIDO;#BCO;;;1191101;;;DEPOSITO EM DINHEIRO O PROPRIO FAVORECIDO
237;1079;9999;C;COM;DESBLOQ.ORDEM JUDICIAL;#BCO;;;12112;;;DESBLOQ.ORDEM JUDICIAL
237;4248;9999;C;COM;DESBLOQ.ORDEM JUDICIAL OFICIO;#BCO;;;12112;;;DESBLOQ.ORDEM JUDICIAL OFICIO
237;122;9999;C;COM;DESCONTO DE CHEQUES;#BCO;;;1191101;;;DESCONTO DE CHEQUES
237;585;9999;D;COM;DESCONTO DE ORPAG;1191201;;;#BCO;;;DESCONTO DE ORPAG
237;88;9999;C;COM;DESCONTO ESCRITURAL;#BCO;;;1191101;;;DESCONTO ESCRITURAL
237;64;9999;D;COM;DESP CARTORARIAS DBTP;5713003;;;#BCO;;;DESP CARTORARIAS DBTP
237;12250;9999;D;COM;DESPESAS DE PROTESTO;5311155;;;#BCO;;;DESPESAS DE PROTESTO
237;1329;9999;D;COM;DESPESAS LCTOS.INTERNOS;1191201;;;#BCO;;;DESPESAS LCTOS.INTERNOS
237;65;9999;D;COM;DESPESAS.OPER.CREDITO;5713003;;;#BCO;;;DESPESAS.OPER.CREDITO
237;19;9999;C;COM;DEVOL CHQ;#BCO;;;1191101;;;DEVOL CHQ
237;70;9999;D;COM;DEVOL.CHEQUE DEPOSITADO;1191101;;;#BCO;;;DEVOL.CHEQUE DEPOSITADO
237;7252;9999;D;COM;DEVOL.CHEQUE DEPOSITADO* 11-CHQ.S/FUNDOS 1A.APRES.;1191101;;;#BCO;;;DEVOL.CHEQUE DEPOSITADO* 11-CHQ.S/FUNDOS 1A.APRES.
237;4614;9999;D;COM;DEVOL.CHEQUE DEPOSITADO* CHQ.S/FUNDOS 1A.APRES.;1191101;;;#BCO;;;DEVOL.CHEQUE DEPOSITADO* CHQ.S/FUNDOS 1A.APRES.
237;2901;9999;C;COM;DEVOLUCAO CHEQUE SUSTADO EXTRAVIO/OUTROS;#BCO;;;1191101;;;DEVOLUCAO CHEQUE SUSTADO EXTRAVIO/OUTROS
237;20;9999;C;COM;DEVOLUCAO CHQ;#BCO;;;1191101;;;DEVOLUCAO CHQ
237;12859;9999;C;COM;DEVOLUCAO PIX REM: KALUNGA SA 24/10;#BCO;;;1191101;;;DEVOLUCAO PIX REM: KALUNGA SA            24/10
237;12829;9999;C;COM;DEVOLUCAO PIX REM: KARINA ROCHA OKUDAIRA 02/03;#BCO;;;11531;;;DEVOLUCAO PIX REM: KARINA ROCHA OKUDAIRA 02/03
237;12837;9999;C;COM;DEVOLUCAO PIX REM: SUPERMERCADO IPERO ;#BCO;;;11531;;;DEVOLUCAO PIX REM: SUPERMERCADO IPERO 
237;6264;9999;D;COM;DIFERENCA RECOL.NUM.DOM.;1191201;;;#BCO;;;DIFERENCA RECOL.NUM.DOM.
237;375;9999;C;COM;DOC CREDITO AUTOMATICO* NOBELPLAST EMBALAGENS LTDA;#BCO;;;1191301;;;DOC CREDITO AUTOMATICO* NOBELPLAST EMBALAGENS LTDA
237;1132;9999;C;COM;DOC CREDITO AUTOMATICO* SCREENS DO BRASIL F INDL LTDA;#BCO;;;1191301;;;DOC CREDITO AUTOMATICO* SCREENS DO BRASIL F INDL LTDA
237;2053;9999;C;COM;DOC DEVOLVIDO;#BCO;;;1191101;;;DOC DEVOLVIDO
237;6123;9999;D;COM;DOC INT 401342;1191201;;;#BCO;;;DOC INT 401342
237;694;9999;C;COM;DOC/TED DEVOLVIDO;#BCO;;;1191101;;;DOC/TED DEVOLVIDO
237;36;9999;D;COM;DOC/TED INTERNET DOC INTERNET;5713003;;;#BCO;;;DOC/TED INTERNET DOC INTERNET
237;98;9999;D;COM;DOC/TED INTERNET TARIFA BANCARIA;5713003;;;#BCO;;;DOC/TED INTERNET TARIFA BANCARIA
237;11531;9999;D;COM;DOC/TED INTERNET TED INTERNET;5713003;;;#BCO;;;DOC/TED INTERNET TED INTERNET
237;82;9999;D;COM;DOC/TED PESSOAL DOC PESSOAL;5713003;;;#BCO;;;DOC/TED PESSOAL DOC PESSOAL
237;5;9999;D;COM;DOC/TED PESSOAL TED PESSOAL;5713003;;;#BCO;;;DOC/TED PESSOAL TED PESSOAL
237;139;9999;D;COM;DOC-D HOME BANKING;1191301;;;#BCO;;;DOC-D HOME BANKING
237;112;9999;D;COM;DOC-D HOME BANKING* DEST.FLDA COMERCIO E CONFECCAO D;1191301;;;#BCO;;;DOC-D HOME BANKING* DEST.FLDA COMERCIO E CONFECCAO D
237;12868;9999;D;COM;EDICAO CONTRATO CAMBIO CAMBIO EXP CTR   000000446216531;1191201;;;#BCO;;;EDICAO CONTRATO CAMBIO CAMBIO EXP CTR   000000446216531
237;16;9999;D;COM;ENCARGO;5713003;;;#BCO;;;ENCARGO
237;7240;9999;D;COM;ENCARGO SALDO VINCULADO;5713003;;;#BCO;;;ENCARGO SALDO VINCULADO
237;109;9999;D;COM;ENCARGOS C GARANTIDA ENCARGO;5715002;;;#BCO;;;ENCARGOS C GARANTIDA ENCARGO
237;108;9999;D;COM;ENCARGOS C GARANTIDA IOF;5713002;;;#BCO;;;ENCARGOS C GARANTIDA IOF
237;110;9999;D;COM;ENCARGOS C GARANTIDA LIMITE/UTILIZ.;5715002;;;#BCO;;;ENCARGOS C GARANTIDA LIMITE/UTILIZ.
237;96;9999;C;COM;ENCARGOS LIMITE CREDITO;#BCO;;;1191101;;;ENCARGOS LIMITE CREDITO
237;12799;9999;D;COM;ENERGIA RESERVA;1191201;;;#BCO;;;ENERGIA RESERVA
237;12855;9999;C;COM;ESTORNO;#BCO;;;1191101;;;ESTORNO
237;130;9999;C;COM;ESTORNO DE LANCAMENTO;#BCO;;;1191201;;;ESTORNO DE LANCAMENTO
237;123;9999;D;COM;ESTORNO DE LANCAMENTO* DIVERSOS RECEBIMENTOS;1191201;;;#BCO;;;ESTORNO DE LANCAMENTO* DIVERSOS RECEBIMENTOS
237;60;9999;C;COM;ESTORNO TARIFAS;#BCO;;;5713003;;#CCC;ESTORNO TARIFAS
237;63;9999;D;COM;GASTOS CARTAO DE CREDITO;1191201;;;#BCO;;;GASTOS CARTAO DE CREDITO
237;9901;9999;C;COM;GETNET AMEX CREDITO GETNET ADQUIRENCIA E SERVICOS;#BCO;;;1191101;;;GETNET AMEX CREDITO GETNET ADQUIRENCIA E SERVICOS
237;9900;9999;C;COM;GETNET ELO CREDITO GETNET ADQUIRENCIA E SERVICOS;#BCO;;;1191101;;;GETNET ELO CREDITO GETNET ADQUIRENCIA E SERVICOS
237;5837;9999;C;COM;GETNET ELO DEBITO GETNET ADQUIRENCIA E SERVICOS;#BCO;;;1191101;;;GETNET ELO DEBITO GETNET ADQUIRENCIA E SERVICOS
237;9902;9999;C;COM;GETNET HIPER CREDITO GETNET ADQUIRENCIA E SERVICOS;#BCO;;;1191101;;;GETNET HIPER CREDITO GETNET ADQUIRENCIA E SERVICOS
237;5838;9999;C;COM;GETNET MASTER CREDITO GETNET ADQUIRENCIA E SERVICOS;#BCO;;;1191101;;;GETNET MASTER CREDITO GETNET ADQUIRENCIA E SERVICOS
237;5839;9999;C;COM;GETNET MASTER DEBITO GETNET ADQUIRENCIA E SERVICOS;#BCO;;;1191101;;;GETNET MASTER DEBITO GETNET ADQUIRENCIA E SERVICOS
237;5840;9999;C;COM;GETNET VISA CREDITO GETNET ADQUIRENCIA E SERVICOS;#BCO;;;1191101;;;GETNET VISA CREDITO GETNET ADQUIRENCIA E SERVICOS
237;5841;9999;C;COM;GETNET VISA DEBITO GETNET ADQUIRENCIA E SERVICOS;#BCO;;;1191101;;;GETNET VISA DEBITO GETNET ADQUIRENCIA E SERVICOS
237;68;9999;D;COM;IMPOSTO ESTADUAL;1191201;;;#BCO;;;IMPOSTO ESTADUAL
237;2779;9999;D;COM;IMPOSTO MUNICIPAL PMSP;1191201;;;#BCO;;;IMPOSTO MUNICIPAL PMSP
237;11519;9999;D;COM;IMPOSTO S/OPER CAMBIO;1191201;;;#BCO;;;IMPOSTO S/OPER CAMBIO
237;3466;9999;C;COM;INCORPORACAO BANCOS;#BCO;;;1191301;;;INCORPORACAO BANCOS
237;102;9999;D;COM;IOF;5713002;;;#BCO;;;IOF
237;3934;9999;D;COM;IOF S/ UTILIZACAO LIMITE;5713002;;;#BCO;;;IOF S/ UTILIZACAO LIMITE
237;1227;9999;C;COM;LANCAMENTO A CREDITO;#BCO;;;1191101;;;LANCAMENTO A CREDITO
237;3462;9999;D;COM;LANCAMENTO A DEBITO;1191201;;;#BCO;;;LANCAMENTO A DEBITO
237;3308;9999;D;COM;LANCAMENTOS TRIC WEB;1191201;;;#BCO;;;LANCAMENTOS TRIC WEB
237;12451;9999;C;COM;LIB ANTEC FORNECEDOR;#BCO;;;1191101;;;LIB ANTEC FORNECEDOR
237;3461;9999;C;COM;LIB.CTA.VINCULADA-DBTP;#BCO;;;1191301;;;LIB.CTA.VINCULADA-DBTP
237;1135;9999;C;COM;LIBERACAO FINANCIAMENTO;#BCO;;;1191101;;;LIBERACAO FINANCIAMENTO
237;4255;9999;C;COM;LIQUID COBRANCA VALOR DISPONIVEL;#BCO;;;1191101;;;LIQUID COBRANCA VALOR DISPONIVEL
237;12869;9999;D;COM;LIQUID.ORDEM.PAGTO.EXP CAMBIO EXP CTR   000000446216531;1191201;;;#BCO;;;LIQUID.ORDEM.PAGTO.EXP CAMBIO EXP CTR   000000446216531
237;91;9999;C;COM;LIQUIDACAO COBRANCA;#BCO;;;1191101;;;LIQUIDACAO COBRANCA
237;56;9999;C;COM;LIQUIDACAO DE COBRANCA;#BCO;;;1191101;;;LIQUIDACAO DE COBRANCA
237;99;9999;D;COM;MANUTENCAO CADASTRO PJ CADASTRO PESSOA  JURID/SOCIO;5713003;;;#BCO;;;MANUTENCAO CADASTRO PJ CADASTRO PESSOA  JURID/SOCIO
237;111;9999;D;COM;MANUTENCAO CADASTRO PJ FICHA CADASTRAL PJ/SOCIO;5713003;;;#BCO;;;MANUTENCAO CADASTRO PJ FICHA CADASTRAL PJ/SOCIO
237;12803;9999;D;COM;MERC ENERG CP BANCO BRADESCO SA;1191201;;;#BCO;;;MERC ENERG CP BANCO BRADESCO SA
237;148;9999;D;COM;MORA CAP.GIRO CURTO PRAZ;1191201;;;#BCO;;;MORA CAP.GIRO CURTO PRAZ
237;103;9999;D;COM;MORA CAPITAL DE GIRO;1191201;;;#BCO;;;MORA CAPITAL DE GIRO
237;1233;9999;D;COM;MORA COMISSAO FIANCA;1191201;;;#BCO;;;MORA COMISSAO FIANCA
237;124;9999;D;COM;MORA CONTA DE LUZ;5711005;;;#BCO;;;MORA CONTA DE LUZ
237;121;9999;D;COM;MORA CONTA GARANTIDA MORA ENCARGO;5713003;;;#BCO;;;MORA CONTA GARANTIDA MORA ENCARGO
237;120;9999;D;COM;MORA CONTA GARANTIDA MORA IOF;5713002;;;#BCO;;;MORA CONTA GARANTIDA MORA IOF
237;107;9999;D;COM;MORA CONTA GARANTIDA MORA LIMITE/UTILIZ.;5715002;;;#BCO;;;MORA CONTA GARANTIDA MORA LIMITE/UTILIZ.
237;3463;9999;D;COM;MORA EXCESSO CTA GARANT;5713003;;;#BCO;;;MORA EXCESSO CTA GARANT
237;996;9999;D;COM;MORA LEASING;1191201;;;#BCO;;;MORA LEASING
237;24;9999;D;COM;MORA OPERACAO;5715002;;;#BCO;;;MORA OPERACAO
237;131;9999;D;COM;MORA-ENC.S/SDO VINC-MES;5713003;;;#BCO;;;MORA-ENC.S/SDO VINC-MES
237;6265;9999;C;COM;OCT-ORDEM CRED.-DINHEIRO PST CECHINEL;#BCO;;;1191101;;;OCT-ORDEM CRED.-DINHEIRO PST CECHINEL
237;6272;9999;C;COM;OCT-ORDEM CRED.-DINHEIRO PST ROCHIDALLE BINAX;#BCO;;;1191101;;;OCT-ORDEM CRED.-DINHEIRO PST ROCHIDALLE BINAX
237;72;9999;D;COM;OPER IRREGULAR AUTOAT;1191201;;;#BCO;;;OPER IRREGULAR AUTOAT
237;100;9999;D;COM;OPERACAO CAPITAL GIRO;1191201;;;#BCO;;;OPERACAO CAPITAL GIRO
237;93;9999;D;COM;OPERACAO CAPITAL GIRO LIQUID. CONTRATO;1191201;;;#BCO;;;OPERACAO CAPITAL GIRO LIQUID. CONTRATO
237;1344;9999;C;COM;OPERACAO DE CAMBIO ADM;#BCO;;;1191101;;;OPERACAO DE CAMBIO ADM
237;1569;9999;D;COM;OPERACAO DE CAMBIO DIVERSOS RECEBIMENTOS;1191201;;;#BCO;;;OPERACAO DE CAMBIO DIVERSOS RECEBIMENTOS
237;4686;9999;D;COM;OPERACAO IRREGULAR BDN Cheque(s) Irregular(es);1191101;;;#BCO;;;OPERACAO IRREGULAR BDN Cheque(s) Irregular(es)
237;11583;9999;D;COM;OPERACAO IRREGULAR BDN Conteudo do Envelope A Maior;1191101;;;#BCO;;;OPERACAO IRREGULAR BDN Conteudo do Envelope A Maior
237;4133;9999;D;COM;OPERACAO IRREGULAR BDN Conteudo do Envelope A Menor;1191201;;;#BCO;;;OPERACAO IRREGULAR BDN Conteudo do Envelope A Menor
237;141;9999;D;COM;PAG FOR DOC;1191201;;;#BCO;;;PAG FOR DOC
237;11584;9999;D;COM;PAGAMENTO  CONSORCIO;1191201;;;#BCO;;;PAGAMENTO  CONSORCIO
237;784;9999;D;COM;PAGAMENTO  CONSORCIO DIVERSOS RECEBIMENTOS;1416721;;;#BCO;;;PAGAMENTO  CONSORCIO DIVERSOS RECEBIMENTOS
237;4294;9999;D;COM;PAGAMENTO CONTAS DIVERSOS RECEBIMENTOS;1191201;;;#BCO;;;PAGAMENTO CONTAS DIVERSOS RECEBIMENTOS
237;677;9999;D;COM;PAGAMENTO EMPRESTIMOS;1191201;;;#BCO;;;PAGAMENTO EMPRESTIMOS
237;163;9999;D;COM;PAGAMENTO FORNECEDOR C/C;1191201;;;#BCO;;;PAGAMENTO FORNECEDOR C/C
237;1211;9999;D;COM;PAGAMENTO FUNCIONARIOS;1191201;;;#BCO;;;PAGAMENTO FUNCIONARIOS
237;517;9999;C;COM;PAGAMENTO GOVERNO RJ;#BCO;;;1191101;;;PAGAMENTO GOVERNO RJ
237;4259;9999;D;COM;PAGAMENTO GOVERNO RJ UG313300/2017OB000194O0000008947;1191201;;;#BCO;;;PAGAMENTO GOVERNO RJ UG313300/2017OB000194O0000008947
237;2048;9999;C;COM;PAGAMENTO MEDSERVICE;#BCO;;;1191101;;;PAGAMENTO MEDSERVICE
237;55;9999;D;COM;PAGFOR;1191201;;;#BCO;;;PAGFOR
237;3017;9999;C;COM;PAGFOR REC FORNECEDOR;#BCO;;;1191101;;;PAGFOR REC FORNECEDOR
237;6;9999;D;COM;PAGTO;1191201;;;#BCO;;;PAGTO
237;12731;9999;D;COM;PAGTO 13 SALARIO ;1191201;;;#BCO;;;PAGTO 13 SALARIO 
237;6269;9999;D;COM;PAGTO 14 SALARIO VIA NET;1191201;;;#BCO;;;PAGTO 14 SALARIO VIA NET
237;6271;9999;D;COM;PAGTO COMISSAO DE VENDA;1191201;;;#BCO;;;PAGTO COMISSAO DE VENDA
237;45;9999;D;COM;PAGTO ELETRON  COBRANCA;1191201;;;#BCO;;;PAGTO ELETRON  COBRANCA
237;12589;9999;D;COM;PAGTO ELETRON  COBRANCA CTES;1191201;;;#BCO;;;PAGTO ELETRON  COBRANCA CTES
237;11587;9999;D;COM;PAGTO ELETRON  COBRANCA DUPL;1191201;;;#BCO;;;PAGTO ELETRON  COBRANCA DUPL
237;1243;9999;D;COM;PAGTO ELETRON  COBRANCA PAG COBRANCA NET EMPRESA;1191201;;;#BCO;;;PAGTO ELETRON  COBRANCA PAG COBRANCA NET EMPRESA
237;46;9999;D;COM;PAGTO ELETRON  COBRANCA PORTO SEGURO;1191201;;;#BCO;;;PAGTO ELETRON  COBRANCA PORTO SEGURO
237;637;9999;D;COM;PAGTO ELETRON COBRANCA;1191201;;;#BCO;;;PAGTO ELETRON COBRANCA
237;3819;9999;D;COM;PAGTO ELETRON COBRANCA 8168417101054 BRADESCO CONSO;13415;;;#BCO;;;PAGTO ELETRON COBRANCA 8168417101054 BRADESCO CONSO
237;3820;9999;D;COM;PAGTO ELETRON COBRANCA BRADESCO PREVIDENCIA E SEGUROS;52387;;;#BCO;;;PAGTO ELETRON COBRANCA BRADESCO PREVIDENCIA E SEGUROS
237;3822;9999;D;COM;PAGTO ELETRON COBRANCA BRADESCO VIDA PREV-SEG.VIDA;52387;;;#BCO;;;PAGTO ELETRON COBRANCA BRADESCO VIDA PREV-SEG.VIDA
237;12564;9999;D;COM;PAGTO ELETRON COBRANCA DUPL;1191201;;;#BCO;;;PAGTO ELETRON COBRANCA DUPL
237;4272;9999;D;COM;PAGTO ELETRONICO TRIBUTO GRERJ;1191201;;;#BCO;;;PAGTO ELETRONICO TRIBUTO GRERJ
237;1080;9999;D;COM;PAGTO ELETRONICO TRIBUTO INTERNET;1191201;;;#BCO;;;PAGTO ELETRONICO TRIBUTO INTERNET
237;7281;9999;D;COM;PAGTO ELETRONICO TRIBUTO INTERNET --DARF;1191201;;;#BCO;;;PAGTO ELETRONICO TRIBUTO INTERNET --DARF
237;11585;9999;D;COM;PAGTO ELETRONICO TRIBUTO INTERNET --DOC.ARREC.DO ESOCIAL;1191201;;;#BCO;;;PAGTO ELETRONICO TRIBUTO INTERNET --DOC.ARREC.DO ESOCIAL
237;49;9999;D;COM;PAGTO ELETRONICO TRIBUTO INTERNET --FGTS/GRF S/TOMADOR;1191201;;;#BCO;;;PAGTO ELETRONICO TRIBUTO INTERNET --FGTS/GRF S/TOMADOR
237;4187;9999;D;COM;PAGTO ELETRONICO TRIBUTO INTERNET --FGTS/GRRF-0239;1191201;;;#BCO;;;PAGTO ELETRONICO TRIBUTO INTERNET --FGTS/GRRF-0239
237;1281;9999;D;COM;PAGTO ELETRONICO TRIBUTO INTERNET --INSS/GPS;1191201;;;#BCO;;;PAGTO ELETRONICO TRIBUTO INTERNET --INSS/GPS
237;50;9999;D;COM;PAGTO ELETRONICO TRIBUTO INTERNET --P.M SAO PAULO/SP;1191201;;;#BCO;;;PAGTO ELETRONICO TRIBUTO INTERNET --P.M SAO PAULO/SP
237;6159;9999;D;COM;PAGTO ELETRONICO TRIBUTO INTERNET --PMSP SP;1191201;;;#BCO;;;PAGTO ELETRONICO TRIBUTO INTERNET --PMSP SP
237;4052;9999;D;COM;PAGTO ELETRONICO TRIBUTO INTERNET --SIMPLES NACIONAL;1191201;;;#BCO;;;PAGTO ELETRONICO TRIBUTO INTERNET --SIMPLES NACIONAL
237;11590;9999;D;COM;PAGTO ELETRONICO TRIBUTO NET EMPR LIC ELET;1191201;;;#BCO;;;PAGTO ELETRONICO TRIBUTO NET EMPR LIC ELET
237;11082;9999;D;COM;PAGTO ELETRONICO TRIBUTO PGIT - COD.BARRAS-DARF;1191201;;;#BCO;;;PAGTO ELETRONICO TRIBUTO PGIT - COD.BARRAS-DARF
237;11081;9999;D;COM;PAGTO ELETRONICO TRIBUTO PGIT - COD.BARRAS-ELETROPAULO;1191201;;;#BCO;;;PAGTO ELETRONICO TRIBUTO PGIT - COD.BARRAS-ELETROPAULO
237;11084;9999;D;COM;PAGTO ELETRONICO TRIBUTO PGIT - COD.BARRAS-EMBRATEL;1191201;;;#BCO;;;PAGTO ELETRONICO TRIBUTO PGIT - COD.BARRAS-EMBRATEL
237;11080;9999;D;COM;PAGTO ELETRONICO TRIBUTO PGIT - COD.BARRAS-FGTS/GRF;1191201;;;#BCO;;;PAGTO ELETRONICO TRIBUTO PGIT - COD.BARRAS-FGTS/GRF
237;11085;9999;D;COM;PAGTO ELETRONICO TRIBUTO PGIT - COD.BARRAS-FGTS/GRRF;1191201;;;#BCO;;;PAGTO ELETRONICO TRIBUTO PGIT - COD.BARRAS-FGTS/GRRF
237;11086;9999;D;COM;PAGTO ELETRONICO TRIBUTO PGIT - COD.BARRAS-PMSP;1191201;;;#BCO;;;PAGTO ELETRONICO TRIBUTO PGIT - COD.BARRAS-PMSP
237;11083;9999;D;COM;PAGTO ELETRONICO TRIBUTO PGIT - COD.BARRAS-SIMPLES;1191201;;;#BCO;;;PAGTO ELETRONICO TRIBUTO PGIT - COD.BARRAS-SIMPLES
237;11079;9999;D;COM;PAGTO ELETRONICO TRIBUTO PGIT - COD.BARRAS-TELEFONICA;1191201;;;#BCO;;;PAGTO ELETRONICO TRIBUTO PGIT - COD.BARRAS-TELEFONICA
237;1085;9999;D;COM;PAGTO PART LUCROS RESULT;1191201;;;#BCO;;;PAGTO PART LUCROS RESULT
237;7258;9999;D;COM;PAGUE FACIL BRADESCO RECARGA PRE PAGO;1191201;;;#BCO;;;PAGUE FACIL BRADESCO RECARGA PRE PAGO
237;4998;9999;D;COM;PARC CREDITO IMOBILIARIO;1191201;;;#BCO;;;PARC CREDITO IMOBILIARIO
237;742;9999;D;COM;PARCELA LEASING;1191201;;;#BCO;;;PARCELA LEASING
237;8;9999;D;COM;PARCELA OPER CREDITO CONTR;1191201;;;#BCO;;;PARCELA OPER CREDITO CONTR
237;12616;9999;D;COM;PARCELA OPER CREDITO LIQUID. CONTRATO;1191201;;;#BCO;;;PARCELA OPER CREDITO LIQUID. CONTRATO
237;62;9999;D;COM;PARCELA RESIDUAL LEASING;1191201;;;#BCO;;;PARCELA RESIDUAL LEASING
237;785;9999;D;COM;PARCELA RESIDUAL LEASING CONTR;1191201;;;#BCO;;;PARCELA RESIDUAL LEASING CONTR
237;3808;9999;D;COM;PARCELA RESIDUAL LEASING CONTR 01337106 PARC VRG 055;1191201;;;#BCO;;;PARCELA RESIDUAL LEASING CONTR 01337106 PARC VRG 055
237;618;9999;D;COM;PARCELA RESIDUAL LEASING CONTR 01340409 PARC VRG  013;1191201;;;#BCO;;;PARCELA RESIDUAL LEASING CONTR 01340409 PARC VRG  013
237;3809;9999;D;COM;PARCELA RESIDUAL LEASING CONTR 01341246 PARC VRG 053;1191201;;;#BCO;;;PARCELA RESIDUAL LEASING CONTR 01341246 PARC VRG 053
237;12617;9999;D;COM ;PARCELAMENTO DE DARF;1191201;;;#BCO;;;PARCELAMENTO DE DARF
237;12545;9999;D;COM;PARCELAMENTO DE DARF DEBITO ;1191201;;;#BCO;;;PARCELAMENTO DE DARF DEBITO 
237;12725;9999;D;COM;PARCELAMENTO DE DARF PARCELAMENTO DE DARF-218023;1191201;;;#BCO;;;PARCELAMENTO DE DARF PARCELAMENTO DE DARF-218023
237;12573;9999;D;COM;PARCELAMENTO DE DARF PARCELAMENTO DE DARF-60218;1191201;;;#BCO;;;PARCELAMENTO DE DARF PARCELAMENTO DE DARF-60218
237;18;9999;D;COM;PEND.TARIFAS;5713003;;;#BCO;;;PEND.TARIFAS
237;114;9999;D;COM;PENDENCIA EM MORA ENCARGO CONTR 3255560;5713003;;;#BCO;;;PENDENCIA EM MORA ENCARGO CONTR 3255560
237;113;9999;D;COM;PENDENCIA EM MORA IOF     CONTR 3255560;5713002;;;#BCO;;;PENDENCIA EM MORA IOF     CONTR 3255560
237;115;9999;D;COM;PENDENCIA EM MORA LIMITE/UTILIZ.;5715002;;;#BCO;;;PENDENCIA EM MORA LIMITE/UTILIZ.
237;57;9999;D;COM;PFOR;1191201;;;#BCO;;;PFOR
237;9;9999;D;COM;PGTO;1191201;;;#BCO;;;PGTO
237;12656;9999;D;COM;PGTO DESPESA CARTORARIA;5311155;;;#BCO;;;PGTO DESPESA CARTORARIA
237;74;9999;C;COM;PGTO DEVOLV BCO CEDENTE;#BCO;;;1191101;;;PGTO DEVOLV BCO CEDENTE
237;10770;9999;C;COM;PGTO.MEDIANTE AUT.DBTP;#BCO;;;1191101;;;PGTO.MEDIANTE AUT.DBTP
237;12557;9999;C;COM;PGTO.SINISTRO AP/CERTIF.;#BCO;;;1191101;;;PGTO.SINISTRO AP/CERTIF.
237;11780;9999;D;COM;PIX QR CODE DINAMICO;1191201;;;#BCO;;;PIX QR CODE DINAMICO
237;12728;9999;D;COM;PIX QR CODE ESTATICO DES: PIX Marketplace  ;1191201;;;#BCO;;;Dï¿½bito em c/c
237;12556;9999;D;COM;PIX QR CODE ESTATICO DES: RENATO J DE OLIVEIRA  12/06;1191201;;;#BCO;;;PIX QR CODE ESTATICO DES: RENATO J DE OLIVEIRA  12/06
237;4261;9999;D;COM;QUANDO DO REGISTRO 00000042;1191201;;;#BCO;;;QUANDO DO REGISTRO 00000042
237;95;9999;C;COM;RECEB POR FORNECIMENTO;#BCO;;;1191101;;;RECEB POR FORNECIMENTO
237;35;9999;C;COM;RECEBIMENTO FORNECEDOR;#BCO;;;1191101;;;RECEBIMENTO FORNECEDOR
237;633;9999;C;COM;RECEBIMENTO FORNECEDOR BANCO BANKPAR S/A;#BCO;;;1191101;;;RECEBIMENTO FORNECEDOR BANCO BANKPAR S/A
237;3805;9999;C;COM;RECEBIMENTO FORNECEDOR BCO BRADESCO CARTOES S/A PAGFO;#BCO;;;1191101;;;RECEBIMENTO FORNECEDOR BCO BRADESCO CARTOES S/A PAGFO
237;645;9999;C;COM;RECEBIMENTO FORNECEDOR CIA BRAS DE MEIOS DE PAGAMENTO;#BCO;;;1191101;;;RECEBIMENTO FORNECEDOR CIA BRAS DE MEIOS DE PAGAMENTO
237;5828;9999;C;COM;RECEBIMENTO FORNECEDOR CIELO SA;#BCO;;;1191101;;;RECEBIMENTO FORNECEDOR CIELO SA
237;10226;9999;C;COM;RECEBIMENTO FORNECEDOR CRED SYSTEM ADMINISTRADORA DE;#BCO;;;1191101;;;RECEBIMENTO FORNECEDOR CRED SYSTEM ADMINISTRADORA DE
237;634;9999;C;COM;RECEBIMENTO FORNECEDOR HIPERCARD BANCO MULTIPLO SA;#BCO;;;1191101;;;RECEBIMENTO FORNECEDOR HIPERCARD BANCO MULTIPLO SA
237;644;9999;C;COM;RECEBIMENTO FORNECEDOR REDECARD S A;#BCO;;;1191101;;;RECEBIMENTO FORNECEDOR REDECARD S A
237;3797;9999;C;COM;RECEBIMENTO FORNECEDOR REDECARD S/A;#BCO;;;1191101;;;RECEBIMENTO FORNECEDOR REDECARD S/A
237;639;9999;C;COM;RECEBIMENTO FORNECEDOR SOROCRED MEIOS DE PAGAMENTOS LTD;#BCO;;;1191101;;;RECEBIMENTO FORNECEDOR SOROCRED MEIOS DE PAGAMENTOS LTD
237;10778;9999;C;COM;RECEBIMENTO TED D REMET;#BCO;;;1191101;;;RECEBIMENTO TED D REMET
237;4582;9999;C;COM;RECEBIMENTO TED D REMET.A SHOES CALC CONF LT;#BCO;;;1191301;;;RECEBIMENTO TED D REMET.A SHOES CALC CONF LT
237;10369;9999;C;COM;RECEBIMENTO TED D REMET.AGUIA SHOES CALCADOS;#BCO;;;1191101;;;RECEBIMENTO TED D REMET.AGUIA SHOES CALCADOS
237;4679;9999;C;COM;RECEBIMENTO TED D REMET.ANTONIO C NASCIMENTO;#BCO;;;1191301;;;RECEBIMENTO TED D REMET.ANTONIO C NASCIMENTO
237;3889;9999;C;COM;RECEBIMENTO TED D REMET.BERSHA CALC CONF LTD;#BCO;;;1191301;;;RECEBIMENTO TED D REMET.BERSHA CALC CONF LTD
237;3003;9999;C;COM;RECEBIMENTO TED D REMET.BETEL EQUIPAMENTOS D;#BCO;;;1191301;;;RECEBIMENTO TED D REMET.BETEL EQUIPAMENTOS D
237;12565;9999;C;COM;RECEBIMENTO TED D REMET.COPPERAF MATERIA PRI;#BCO;;;1191301;;;RECEBIMENTO TED D REMET.COPPERAF MATERIA PRI
237;4710;9999;C;COM;RECEBIMENTO TED D REMET.DORES CALCADOS E CON;#BCO;;;1191301;;;RECEBIMENTO TED D REMET.DORES CALCADOS E CON
237;12664;9999;C;COM;RECEBIMENTO TED D REMET.EMPOLI A C G F LTDA.;#BCO;;;1191301;;;RECEBIMENTO TED D REMET.EMPOLI A C G F LTDA.
237;12639;9999;C;COM;RECEBIMENTO TED D REMET.EMPOLI ATIV.COB. GES;#BCO;;;1191301;;;RECEBIMENTO TED D REMET.EMPOLI ATIV.COB. GES
237;4620;9999;C;COM;RECEBIMENTO TED D REMET.H P CALCADOS E CONFE;#BCO;;;1191301;;;RECEBIMENTO TED D REMET.H P CALCADOS E CONFE
237;4625;9999;C;COM;RECEBIMENTO TED D REMET.H.P. CALCADOS E CONF;#BCO;;;1191301;;;RECEBIMENTO TED D REMET.H.P. CALCADOS E CONF
237;3823;9999;C;COM;RECEBIMENTO TED D REMET.MONIQUE CALCADOS E C;#BCO;;;1191301;;;RECEBIMENTO TED D REMET.MONIQUE CALCADOS E C
237;10664;9999;C;COM;RECEBIMENTO TED D REMET.NIC CALC E CONFEC EI;#BCO;;;1191101;;;RECEBIMENTO TED D REMET.NIC CALC E CONFEC EI
237;1488;9999;C;COM;RECEBIMENTO TED D REMET.OLIBRAS TELECOM LTDA;#BCO;;;1191301;;;RECEBIMENTO TED D REMET.OLIBRAS TELECOM LTDA
237;2526;9999;D;COM;RECEBIMENTO TED D REMET.OLIBRAS TELECOMUNICA;#BCO;;;1191301;;;RECEBIMENTO TED D REMET.OLIBRAS TELECOMUNICA
237;4740;9999;C;COM;RECEBIMENTO TED D REMET.RAFAEL CALCADOS E CO;#BCO;;;1191301;;;RECEBIMENTO TED D REMET.RAFAEL CALCADOS E CO
237;2883;9999;C;COM;RECEBIMENTO TED D REMET.RODANDO LEGAL   SERV;#BCO;;;1191101;;;RECEBIMENTO TED D REMET.RODANDO LEGAL   SERV
237;7286;9999;D;COM;RECEBIMENTO TED D REMET.SAINT CARLO COM AL L;#BCO;;;1191101;;;RECEBIMENTO TED D REMET.SAINT CARLO COM AL L
237;7232;9999;C;COM;RECEBIMENTO TED D REMET.SAINT CARLO COMERCIO;#BCO;;;1191101;;;RECEBIMENTO TED D REMET.SAINT CARLO COMERCIO
237;12510;9999;C;COM;RECEBIMENTO TED D REMET.SHOCK METAIS N FERRO;#BCO;;;1191301;;;RECEBIMENTO TED D REMET.SHOCK METAIS N FERRO
237;12507;9999;C;COM;RECEBIMENTO TED D REMET.SHOCK METAIS NAO FER;#BCO;;;1191301;;;RECEBIMENTO TED D REMET.SHOCK METAIS NAO FER
237;4590;9999;C;COM;RECEBIMENTO TED D REMET.TRANSGUARD;#BCO;;;1191101;;;RECEBIMENTO TED D REMET.TRANSGUARD
237;2247;9999;C;COM;RECEBIMENTO TED D REMET.WOLLAUTO ADMINISTRAC;#BCO;;;1191101;;;RECEBIMENTO TED D REMET.WOLLAUTO ADMINISTRAC
237;1305;9999;C;COM;RECEBIMENTO TED E REMET.;#BCO;;;1191101;;;RECEBIMENTO TED E REMET.
237;1299;9999;C;COM;RECEBIMENTO TED E REMET.COMPANHIA DE ENGENHA;#BCO;;;1191101;;;RECEBIMENTO TED E REMET.COMPANHIA DE ENGENHA
237;1301;9999;C;COM;RECEBIMENTO TED E REMET.WOLLAUTO ADM E LOCAC;#BCO;;;1191101;;;RECEBIMENTO TED E REMET.WOLLAUTO ADM E LOCAC
237;1294;9999;C;COM;RECEBIMENTO TED E REMET.WOLLAUTO ADMINISTRAC;#BCO;;;1191101;;;RECEBIMENTO TED E REMET.WOLLAUTO ADMINISTRAC
237;150;9999;D;COM;RECIBO DE RETIRADA;1111111;;;#BCO;;;RECIBO DE RETIRADA
237;22;9999;D;COM;RECIBO DE RETIRADA ESPECIE;1191201;;;#BCO;;;RECIBO DE RETIRADA ESPECIE
237;7285;9999;D;COM;REDE AMEX REDECARD S A;#BCO;;;1191101;;;REDE AMEX REDECARD S A
237;6197;9999;C;COM;REDE ATECIPACAO OUTRAS REDECARD S A;00233;;;11531;;;REDE ATECIPACAO OUTRAS REDECARD S A
237;7233;9999;C;COM;REDE DINERS CREDITO REDECARD S A;#BCO;;;1191101;;;REDE DINERS CREDITO REDECARD S A
237;10240;9999;C;COM;REDE ELO CREDITO REDECARD S A;#BCO;;;1191101;;;REDE ELO CREDITO REDECARD S A
237;5968;9999;C;COM;REDE ELO DEBITO REDECARD S A;#BCO;;;1191101;;;REDE ELO DEBITO REDECARD S A
237;3930;9999;C;COM;REDE HIPER CRED REDECARD S A;#BCO;;;1191101;;;REDE HIPER CRED REDECARD S A
237;3798;9999;C;COM;REDE MASTER CREDITO REDECARD S A;#BCO;;;1191101;;;REDE MASTER CREDITO REDECARD S A
237;5966;9999;C;COM;REDE MASTER DEBITO REDECARD S A;#BCO;;;1191101;;;REDE MASTER DEBITO REDECARD S A
237;3799;9999;C;COM;REDE MASTER DEBITO REDECARD S/A;#BCO;;;1191101;;;REDE MASTER DEBITO REDECARD S/A
237;3801;9999;C;COM;REDE VISA CREDITO REDECARD S A;#BCO;;;1191101;;;REDE VISA CREDITO REDECARD S A
237;5967;9999;C;COM;REDE VISA DEBITO REDECARD S A;#BCO;;;1191101;;;REDE VISA DEBITO REDECARD S A
237;3804;9999;C;COM;REDE VISA DEBITO REDECARD S/A;#BCO;;;1191101;;;REDE VISA DEBITO REDECARD S/A
237;90;9999;C;COM;REDECARD CARTAO DEBITO;#BCO;;;1191101;;;REDECARD CARTAO DEBITO
237;1133;9999;C;COM;REEMB ENCARGOS N COBRADO;#BCO;;;52333;;#CCC;REEMB ENCARGOS N COBRADO
237;2054;9999;C;COM;REEMBOLSO SIN.SEG.SAUDE;#BCO;;;1191101;;;REEMBOLSO SIN.SEG.SAUDE
237;11762;9999;C;COM;REGULARIZACAO LANCAMENTO ;#BCO;;;1191101;;;REGULARIZACAO LANCAMENTO 
237;11763;9999;C;COM;REGULARIZACAO LANCAMENTO;#BCO;;;1191101;;;REGULARIZACAO LANCAMENTO
237;3011;9999;D;COM;REGULARIZACAO LANCAMENTO ESPECIE;1191201;;;#BCO;;;REGULARIZACAO LANCAMENTO ESPECIE
237;1128;9999;C;COM;REND PAGO APLIC AUT;#BCO;;;3713004;;#CCC;REND PAGO APLIC AUT
237;12821;9999;C;COM;RENTAB.INVEST FACILCRED*;101134;;;3713004;;;RENTAB.INVEST FACILCRED*
237;1220;9999;D;COM;REPASSE EMPREST CONSIG;1191201;;;#BCO;;;REPASSE EMPREST CONSIG
237;12572;9999;C;COM;RESG AUTOMATICO INVESTIM;101134;;;501234;;;RESG AUTOMATICO INVESTIM
237;12827;9999;C;COM;RESG.AUTOM.INVEST FACIL;101134;;;501234;;;RESG.AUTOM.INVEST FACIL
237;11791;9999;C;COM;RESG.TIT.CAPITALIZACAO;#BCO;;;1191101;;;RESG.TIT.CAPITALIZACAO
237;12871;9999;C;COM;RESG/VENCTO CDB;#BCO;;;05010;;;RESG/VENCTO CDB
237;12585;9999;C;COM;RESGATE DE INVESTIMENTOS;#BCO;;;05966;;;RESGATE DE INVESTIMENTOS
237;160;9999;C;COM;RESGATE FUNDOS BRAD E FICFIDI TOP;#BCO;;;05024;;;RESGATE FUNDOS BRAD E FICFIDI TOP
237;508;9999;C;COM;RESGATE FUNDOS BRADESCO EMP FIC CRE;#BCO;;;05024;;;RESGATE FUNDOS BRADESCO EMP FIC CRE
237;105;9999;C;COM;RESGATE FUNDOS FIC R.DI HIPERFUNDO;#BCO;;;05024;;;RESGATE FUNDOS FIC R.DI HIPERFUNDO
237;5163;9999;C;COM;RESGATE FUNDOS FIC RF DI HIPERFUNDO;#BCO;;;05272;;;RESGATE FUNDOS FIC RF DI HIPERFUNDO
237;12805;9999;C;COM;RESGATE INV FAC;100481;;;500545;;;RESGATE INV FAC
237;12776;9999;C;COM;RESGATE INVEST FACIL;00884;;;05878;;;RESGATE INVEST FACIL
237;3813;9999;C;COM;RESGATE INVEST PLUS;#BCO;;;05002;;;RESGATE INVEST PLUS
237;11766;9999;D;COM;RESGATE INVESTIMENTOS;#BCO;;;11235;;;RESGATE INVESTIMENTOS
237;3529;9999;C;COM;RESGATE MERCADO ABERTO;#BCO;;;05005;;;RESGATE MERCADO ABERTO
237;3530;9999;D;COM;SAQUE C/C BANCO24HORAS;1191201;;;#BCO;;;SAQUE C/C BANCO24HORAS
237;4641;9999;D;COM;SAQUE C/C BDN;1191201;;;#BCO;;;SAQUE C/C BDN
237;12858;9999;D;COM;SAQUE CAIXA AG CHEQUE DEP.CONTA;1191201;;;#BCO;;;SAQUE CAIXA AG CHEQUE DEP.CONTA
237;12796;9999;D;COM;SAQUE CAIXA AG CHEQUE ESPECIE;1191201;;;#BCO;;;SAQUE CAIXA AG CHEQUE ESPECIE
237;12822;9999;C;COM;SAQUE CAIXA AG RECIBO ESPECIE;#BCO;;;1191101;;;SAQUE CAIXA AG RECIBO ESPECIE
237;2897;9999;D;COM;SAQUE CC AUTOAT;1191201;;;#BCO;;;SAQUE CC AUTOAT
237;12853;9999;D;COM;SAQUE DINHEIRO ATM ;1191201;;;#BCO;;;SAQUE DINHEIRO ATM 
237;12879;9999;D;COM;SAQUE DINHEIRO BANCO 24H 00063383                14111305;1191201;;;#BCO;;;SAQUE DINHEIRO BANCO 24H 00063383                14111305
237;12880;9999;D;COM;SAQUE DINHEIRO BANCO 24H 00063383                14111306;1191201;;;#BCO;;;SAQUE DINHEIRO BANCO 24H 00063383                14111306
237;12878;9999;D;COM;SAQUE DINHEIRO BANCO 24H 00063383                14111307;1191201;;;#BCO;;;SAQUE DINHEIRO BANCO 24H 00063383 14111307
237;12800;9999;D;COM;SERV DEP QUALIF;5713003;;;#BCO;;;SERV DEP QUALIF
237;6274;9999;D;COM;SERVICO BB/ADVALOREM;1191201;;;#BCO;;;SERVICO BB/ADVALOREM
237;5780;9999;D;COM;SERVICO CARTAO PROTEGIDO;5713003;;;#BCO;;;SERVICO CARTAO PROTEGIDO
237;2;9999;D;COM;TAR;5713003;;;#BCO;;;TAR
237;4622;9999;D;COM;TAR ADIANT.DEPOSITANTE ADIANT.DEPOSITANTE;5713003;;;#BCO;;;TAR ADIANT.DEPOSITANTE ADIANT.DEPOSITANTE
237;5962;9999;D;COM;TAR ADIANT.DEPOSITANTE VR.PARCIAL ADIANT.DEPOSITANT;5713003;;;#BCO;;;TAR ADIANT.DEPOSITANTE VR.PARCIAL ADIANT.DEPOSITANT
237;12328;9999;D;COM;TAR.MANUT.C/C;5713003;;;#BCO;;;TAR.MANUT.C/C
237;3860;9999;D;COM;TARIFA BANCARIA;5713003;;;#BCO;;;TARIFA BANCARIA
237;4610;9999;D;COM;TARIFA CHEQUE DEPOSITO CHEQUE DEPOSITADO;5713003;;;#BCO;;;TARIFA CHEQUE DEPOSITO CHEQUE DEPOSITADO
237;4609;9999;D;COM;TARIFA MANUTENCAO C/C TAR.MANUT.C/C;5713003;;;#BCO;;;TARIFA MANUTENCAO C/C TAR.MANUT.C/C
237;5796;9999;D;COM;TARIFA OPERACAO CREDITO;5713003;;;#BCO;;;TARIFA OPERACAO CREDITO
237;6163;9999;D;COM;TARIFA RECIBO RETIRADA RETIRADA COM RECIBO AVULSO;5713003;;;#BCO;;;TARIFA RECIBO RETIRADA RETIRADA COM RECIBO AVULSO
237;4274;9999;D;COM;TARIFA REGISTRO COBRANCA;5713003;;;#BCO;;;TARIFA REGISTRO COBRANCA
237;21;9999;D;COM;TAXA DEVOLUCAO DE CHEQUE;5713003;;;#BCO;;;TAXA DEVOLUCAO DE CHEQUE
237;1307;9999;D;COM;TED D CC HBANK* DEST.;1191301;;;#BCO;;;TED D CC HBANK* DEST.
237;3931;9999;D;COM;TED D CC HBANK* DEST. 3A CALCADOS E CONFEC;1191301;;;#BCO;;;TED D CC HBANK* DEST. 3A CALCADOS E CONFEC
237;1357;9999;D;COM;TED D CC HBANK* DEST. AGUIA SHOES CALCADOS;1191301;;;#BCO;;;TED D CC HBANK* DEST. AGUIA SHOES CALCADOS
237;4648;9999;D;COM;TED D CC HBANK* DEST. ANTONIO C. NASCIMENT;1191301;;;#BCO;;;TED D CC HBANK* DEST. ANTONIO C. NASCIMENT
237;3806;9999;D;COM;TED D CC HBANK* DEST. BERSHA CALCADOS E CO;1191301;;;#BCO;;;TED D CC HBANK* DEST. BERSHA CALCADOS E CO
237;4688;9999;D;COM;TED D CC HBANK* DEST. CRISTIANA O. MOURA P;1191301;;;#BCO;;;TED D CC HBANK* DEST. CRISTIANA O. MOURA P
237;4161;9999;D;COM;TED D CC HBANK* DEST. DORES CALCADOS E CON;1191301;;;#BCO;;;TED D CC HBANK* DEST. DORES CALCADOS E CON
237;12640;9999;D;COM;TED D CC HBANK* DEST. EMPOLI ATIVIDADES C.;1191301;;;#BCO;;;TED D CC HBANK* DEST. EMPOLI ATIVIDADES C.
237;10918;9999;D;COM;TED D CC HBANK* DEST. FLAVIANA CALCADOS E;1191301;;;#BCO;;;TED D CC HBANK* DEST. FLAVIANA CALCADOS E
237;4608;9999;D;COM;TED D CC HBANK* DEST. H.P. CALCADOS E CONF;1191301;;;#BCO;;;TED D CC HBANK* DEST. H.P. CALCADOS E CONF
237;10225;9999;D;COM;TED D CC HBANK* DEST. MARILUCIA CALCADOS E;1191301;;;#BCO;;;TED D CC HBANK* DEST. MARILUCIA CALCADOS E
237;3816;9999;D;COM;TED D CC HBANK* DEST. MONIQUE CALCADOS E C;1191301;;;#BCO;;;TED D CC HBANK* DEST. MONIQUE CALCADOS E C
237;10665;9999;D;COM;TED D CC HBANK* DEST. NIC CALCADOS E CONFE;1191301;;;#BCO;;;TED D CC HBANK* DEST. NIC CALCADOS E CONFE
237;1498;9999;D;COM;TED D CC HBANK* DEST. OLIBRAS TELECOMUNICA;1191301;;;#BCO;;;TED D CC HBANK* DEST. OLIBRAS TELECOMUNICA
237;4738;9999;D;COM;TED D CC HBANK* DEST. RAFAEL CALCADOS E CO;1191301;;;#BCO;;;TED D CC HBANK* DEST. RAFAEL CALCADOS E CO
237;1232;9999;D;COM;TED D CC HBANK* DEST. RODANDO LEGAL - SERV;1191301;;;#BCO;;;TED D CC HBANK* DEST. RODANDO LEGAL - SERV
237;12508;9999;D;COM;TED D CC HBANK* DEST. SHOCK METAIS NAO FER;1191301;;;#BCO;;;TED D CC HBANK* DEST. SHOCK METAIS NAO FER
237;1298;9999;D;COM;TED D CC HBANK* DEST. WOLLAUTO ADM E LOCAC;1191301;;;#BCO;;;TED D CC HBANK* DEST. WOLLAUTO ADM E LOCAC
237;12802;9999;C;COM;TED D RECEBIDA;#BCO;;;1191101;;;TED D RECEBIDA
237;4170;9999;C;COM;TED DEVOLVIDA*;#BCO;;;1191101;;;TED DEVOLVIDA*
237;1306;9999;D;COM;TED DIF.TITUL.CC H.BANK DEST.;1191201;;;#BCO;;;TED DIF.TITUL.CC H.BANK DEST.
237;787;9999;D;COM;TED TRANS ELET DISP*DEST.3A CALCADOS E CONFECCOES LTDA;1191301;;;#BCO;;;TED TRANS ELET DISP*DEST.3A CALCADOS E CONFECCOES LTDA
237;1328;9999;D;COM;TED TRANSF ELET DISP;1191201;;;#BCO;;;TED TRANSF ELET DISP
237;951;9999;D;COM;TED TRANSF ELET DISP * DEST;1191301;;;#BCO;;;TED TRANSF ELET DISP * DEST
237;615;9999;D;COM;TED TRANSF ELET DISP * DEST.3A CALCADOS E CONFECCOES LT;1191301;;;#BCO;;;TED TRANSF ELET DISP * DEST.3A CALCADOS E CONFECCOES LT
237;717;9999;D;COM;TED TRANSF ELET DISP * DEST.AGUIA SHOES CALCADOS E CONF;1191301;;;#BCO;;;TED TRANSF ELET DISP * DEST.AGUIA SHOES CALCADOS E CONF
237;739;9999;D;COM;TED TRANSF ELET DISP * DEST.BERSHA CALCADOS E CONFECCOE;1191301;;;#BCO;;;TED TRANSF ELET DISP * DEST.BERSHA CALCADOS E CONFECCOE
237;39;9999;D;COM;TED TRANSF ELET DISP * DEST.DSCON;1191301;;;#BCO;;;TED TRANSF ELET DISP * DEST.DSCON
237;144;9999;D;COM;TED TRANSF ELET DISP * DEST.FLDA COMERCIO E CONFECCAO A;1191301;;;#BCO;;;TED TRANSF ELET DISP * DEST.FLDA COMERCIO E CONFECCAO A
237;125;9999;D;COM;TED TRANSF ELET DISP * DEST.FLDA COMERCIO E CONFECCAO D;1191301;;;#BCO;;;TED TRANSF ELET DISP * DEST.FLDA COMERCIO E CONFECCAO D
237;101;9999;D;COM;TED TRANSF ELET DISP * DEST.MONIQUE CALCADOS E CONFECCO;1191301;;;#BCO;;;TED TRANSF ELET DISP * DEST.MONIQUE CALCADOS E CONFECCO
237;67;9999;D;COM;TED TRANSF ELET DISP * DEST.NOBELPACK;1191301;;;#BCO;;;TED TRANSF ELET DISP * DEST.NOBELPACK
237;69;9999;D;COM;TED TRANSF ELET DISP * DEST.NOBELPLAST EMBALAGENS LTDA;1191301;;;#BCO;;;TED TRANSF ELET DISP * DEST.NOBELPLAST EMBALAGENS LTDA
237;519;9999;D;COM;TED TRANSF ELET DISP * DEST.RODANDO LEGAL - SERVICOS E;1191301;;;#BCO;;;TED TRANSF ELET DISP * DEST.RODANDO LEGAL - SERVICOS E
237;1086;9999;D;COM;TED TRANSF ELET DISP * DEST.SCREENS DO BRASIL FILTRAGEM;1191301;;;#BCO;;;TED TRANSF ELET DISP * DEST.SCREENS DO BRASIL FILTRAGEM
237;1200;9999;D;COM;TED TRANSF ELET DISP * DEST.WOLLAUTO ADM E LOCACAO LTDA;1191301;;;#BCO;;;TED TRANSF ELET DISP * DEST.WOLLAUTO ADM E LOCACAO LTDA
237;3465;9999;D;COM;TED-TRANSF ELET DISPON;1191301;;;#BCO;;;TED-TRANSF ELET DISPON
237;676;9999;D;COM;TED-TRANSF ELET DISPON DEST;1191301;;;#BCO;;;TED-TRANSF ELET DISPON DEST
237;6275;9999;D;COM;TED-TRANSF ELET DISPON DEST. ENG REDE T L EPP;1191201;;;#BCO;;;TED-TRANSF ELET DISPON DEST. ENG REDE T L EPP
237;6273;9999;D;COM;TED-TRANSF ELET DISPON DEST. PETROBRAS DISTRIBUID;1191201;;;#BCO;;;TED-TRANSF ELET DISPON DEST. PETROBRAS DISTRIBUID
237;1242;9999;D;COM;TED-TRANSF ELET DISPON DEST.Femac Adm e Empreendimentos;1191301;;;#BCO;;;TED-TRANSF ELET DISPON DEST.Femac Adm e Empreendimentos
237;675;9999;D;COM;TED-TRANSF ELET DISPON DEST.FLDA COMERCIO E CONFECCAO D;1191301;;;#BCO;;;TED-TRANSF ELET DISPON DEST.FLDA COMERCIO E CONFECCAO D
237;53;9999;D;COM;TED-TRANSF ELET DISPON DEST.JOSE MARIA M DUQUE;1191201;;;#BCO;;;TED-TRANSF ELET DISPON DEST.JOSE MARIA M DUQUE
237;1259;9999;D;COM;TED-TRANSF ELET DISPON DEST.Lucilia Garcia Quelhas;1191301;;;#BCO;;;TED-TRANSF ELET DISPON DEST.Lucilia Garcia Quelhas
237;1241;9999;D;COM;TED-TRANSF ELET DISPON DEST.Peter Gottschalk;1191301;;;#BCO;;;TED-TRANSF ELET DISPON DEST.Peter Gottschalk
237;595;9999;C;COM;TED-TRANSF ELET DISPON DEST.ROSELI B SENA CALCADOS E CO;#BCO;;;1191301;;;TED-TRANSF ELET DISPON DEST.ROSELI B SENA CALCADOS E CO
237;4246;9999;C;COM;TED-TRANSF ELET DISPON OFICIO ;#BCO;;;12112;;;TED-TRANSF ELET DISPON OFICIO 
237;166;9999;C;COM;TED-TRANSF ELET DISPON REMET.;#BCO;;;1191101;;;TED-TRANSF ELET DISPON REMET.
237;3859;9999;C;COM;TED-TRANSF ELET DISPON REMET.AGUIA SHOES CALC CON;#BCO;;;1191301;;;TED-TRANSF ELET DISPON REMET.AGUIA SHOES CALC CON
237;4652;9999;C;COM;TED-TRANSF ELET DISPON REMET.ANTONIO C NASC S CAL;#BCO;;;1191301;;;TED-TRANSF ELET DISPON REMET.ANTONIO C NASC S CAL
237;10224;9999;C;COM;TED-TRANSF ELET DISPON REMET.BANCO SANTANDER - CE;#BCO;;;1191301;;;TED-TRANSF ELET DISPON REMET.BANCO SANTANDER - CE
237;4016;9999;C;COM;TED-TRANSF ELET DISPON REMET.BANCO SANTANDER S.A.;#BCO;;;1191301;;;TED-TRANSF ELET DISPON REMET.BANCO SANTANDER S.A.
237;4074;9999;C;COM;TED-TRANSF ELET DISPON REMET.CRISTIANA O M CALC C;#BCO;;;1191301;;;TED-TRANSF ELET DISPON REMET.CRISTIANA O M CALC C
237;11025;9999;C;COM;TED-TRANSF ELET DISPON REMET.DAMIAO L O CALC CONF;#BCO;;;1191301;;;TED-TRANSF ELET DISPON REMET.DAMIAO L O CALC CONF
237;12638;9999;C;COM;TED-TRANSF ELET DISPON REMET.EMPOLI A C G F LTDA.;#BCO;;;1191301;;;TED-TRANSF ELET DISPON REMET.EMPOLI A C G F LTDA.
237;12325;9999;D;COM;TED-TRANSF ELET DISPON REMET.EUROLUCE COMERCIO IM;#BCO;;;1191101;;;TED-TRANSF ELET DISPON REMET.EUROLUCE COMERCIO IM
237;154;9999;C;COM;TED-TRANSF ELET DISPON REMET.FLDA COM C A V D. LTD;#BCO;;;1191301;;;TED-TRANSF ELET DISPON REMET.FLDA COM C A V D. LTD
237;153;9999;C;COM;TED-TRANSF ELET DISPON REMET.FLDA COMERCIO C. ART;#BCO;;;1191301;;;TED-TRANSF ELET DISPON REMET.FLDA COMERCIO C. ART
237;4169;9999;C;COM;TED-TRANSF ELET DISPON REMET.H.P. CALCADOS E CONF;#BCO;;;1191301;;;TED-TRANSF ELET DISPON REMET.H.P. CALCADOS E CONF
237;4624;9999;C;COM;TED-TRANSF ELET DISPON REMET.H.P.CALC CONFEC LTDA;#BCO;;;1191301;;;TED-TRANSF ELET DISPON REMET.H.P.CALC CONFEC LTDA
237;10776;9999;C;COM;TED-TRANSF ELET DISPON REMET.HM CALCADOS E CONFEC;#BCO;;;1191301;;;TED-TRANSF ELET DISPON REMET.HM CALCADOS E CONFEC
237;5799;9999;C;COM;TED-TRANSF ELET DISPON REMET.LUCICLEIDE CALC E CO;#BCO;;;1191301;;;TED-TRANSF ELET DISPON REMET.LUCICLEIDE CALC E CO
237;10358;9999;C;COM;TED-TRANSF ELET DISPON REMET.LUCICLEIDE CALCADOS;#BCO;;;1191301;;;TED-TRANSF ELET DISPON REMET.LUCICLEIDE CALCADOS
237;10769;9999;C;COM;TED-TRANSF ELET DISPON REMET.MONIQUE CALCADOS E C;#BCO;;;1191301;;;TED-TRANSF ELET DISPON REMET.MONIQUE CALCADOS E C
237;10663;9999;C;COM;TED-TRANSF ELET DISPON REMET.NIC CALCADOS CONFECC;#BCO;;;1191301;;;TED-TRANSF ELET DISPON REMET.NIC CALCADOS CONFECC
237;374;9999;C;COM;TED-TRANSF ELET DISPON REMET.NOBELPLAST EMBALAGENS LTDA;#BCO;;;1191301;;;TED-TRANSF ELET DISPON REMET.NOBELPLAST EMBALAGENS LTDA
237;6101;9999;C;COM;TED-TRANSF ELET DISPON REMET.REINALDO FRANCO;#BCO;;;1191301;;;TED-TRANSF ELET DISPON REMET.REINALDO FRANCO
237;3175;9999;C;COM;TED-TRANSF ELET DISPON REMET.RODANDO LEGAL S T R;#BCO;;;1191301;;;TED-TRANSF ELET DISPON REMET.RODANDO LEGAL S T R
237;1126;9999;C;COM;TED-TRANSF ELET DISPON REMET.RODANDO LEGAL S T R LTDA;#BCO;;;1191301;;;TED-TRANSF ELET DISPON REMET.RODANDO LEGAL S T R LTDA
237;1125;9999;C;COM;TED-TRANSF ELET DISPON REMET.RODANDO LEGAL S T R. L;#BCO;;;1191301;;;TED-TRANSF ELET DISPON REMET.RODANDO LEGAL S T R. L
237;4705;9999;C;COM;TED-TRANSF ELET DISPON REMET.ROSELI B SENA CALC E;#BCO;;;1191301;;;TED-TRANSF ELET DISPON REMET.ROSELI B SENA CALC E
237;165;9999;C;COM;TED-TRANSF ELET DISPON REMET.SA BRASILEIRA R. MA;#BCO;;;1191301;;;TED-TRANSF ELET DISPON REMET.SA BRASILEIRA R. MA
237;6149;9999;C;COM;TED-TRANSF ELET DISPON REMET.SAINT CARLO C A LTDA;#BCO;;;1191301;;;TED-TRANSF ELET DISPON REMET.SAINT CARLO C A LTDA
237;11588;9999;C;COM;TED-TRANSF ELET DISPON REMET.SANTANDER CAPITALIZA;#BCO;;;1191101;;;TED-TRANSF ELET DISPON REMET.SANTANDER CAPITALIZA
237;10367;9999;C;COM;TED-TRANSF ELET DISPON REMET.SERENA KAY CALCADOS;#BCO;;;1191301;;;TED-TRANSF ELET DISPON REMET.SERENA KAY CALCADOS
237;6250;9999;C;COM;TED-TRANSF ELET DISPON REMET.SKULL SPINE AND BONE;#BCO;;;1191301;;;TED-TRANSF ELET DISPON REMET.SKULL SPINE AND BONE
237;4267;9999;D;COM;TED-TRANSF ELET DISPON REMET.SSG SUPORTE G E S LT;1191201;;;#BCO;;;TED-TRANSF ELET DISPON REMET.SSG SUPORTE G E S LT
237;3675;9999;C;COM;TED-TRANSF ELET DISPON REMET.WOLLAUTO ADM E LOCAC;#BCO;;;1191301;;;TED-TRANSF ELET DISPON REMET.WOLLAUTO ADM E LOCAC
237;743;9999;D;COM;TITULO DE CAPITALIZACAO;1191201;;;#BCO;;;TITULO DE CAPITALIZACAO
237;134;9999;D;COM;TITULO RECEBIDO MENOR;5713003;;;#BCO;;;TITULO RECEBIDO MENOR
237;28;9999;C;COM;TRANSF AUTORIZ ENTRE AGS;#BCO;;;1191101;;;TRANSF AUTORIZ ENTRE AGS
237;2087;9999;C;COM;TRANSF C/CORR ;#BCO;;;1191101;;;TRANSF C/CORR 
237;11591;9999;C;COM;TRANSF C/CORR PARA C.COR;#BCO;;;1191101;;;TRANSF C/CORR PARA C.COR
237;6196;9999;D;COM;TRANSF C/CORR PARA C.COR BRUNO RODRIGUES DE BRITO;#BCO;;;1191101;;;TRANSF C/CORR PARA C.COR BRUNO RODRIGUES DE BRITO
237;3013;9999;C;COM;TRANSF C/CORR PARA C.COR DIEGO SIMAO DA SILVA;#BCO;;;1191101;;;TRANSF C/CORR PARA C.COR DIEGO SIMAO DA SILVA
237;1735;9999;C;COM;TRANSF C/CORR PARA C.COR FLAVIO FELIX DOS SANTOS;#BCO;;;1191101;;;TRANSF C/CORR PARA C.COR FLAVIO FELIX DOS SANTOS
237;949;9999;C;COM;TRANSF C/CORR PARA C.COR FLDA COMERCIO E CONFECCAO A. V.;#BCO;;;1191301;;;TRANSF C/CORR PARA C.COR FLDA COMERCIO E CONFECCAO A. V.
237;1594;9999;C;COM;TRANSF C/CORR PARA C.COR J&J COMERCIO VAREJISTA DE CHOCOL;#BCO;;;1191101;;;TRANSF C/CORR PARA C.COR J&J COMERCIO VAREJISTA DE CHOCOL
237;3031;9999;C;COM;TRANSF C/CORR PARA C.COR JOSE ANTONIO DE JESUS RODRIGUES;#BCO;;;1191101;;;TRANSF C/CORR PARA C.COR JOSE ANTONIO DE JESUS RODRIGUES
237;1593;9999;C;COM;TRANSF C/CORR PARA C.COR JOSELHA JOAQUIM DO NASCIMENTO;#BCO;;;1191101;;;TRANSF C/CORR PARA C.COR JOSELHA JOAQUIM DO NASCIMENTO
237;1686;9999;C;COM;TRANSF C/CORR PARA C.COR JOSIVALDO HORACIO GOMES;#BCO;;;1191101;;;TRANSF C/CORR PARA C.COR JOSIVALDO HORACIO GOMES
237;3019;9999;C;COM;TRANSF C/CORR PARA C.COR JOSUE SANTOS DE SOUZA;#BCO;;;1191101;;;TRANSF C/CORR PARA C.COR JOSUE SANTOS DE SOUZA
237;1845;9999;C;COM;TRANSF C/CORR PARA C.COR LUCIANA DA SILVA MUNIZ;#BCO;;;1191101;;;TRANSF C/CORR PARA C.COR LUCIANA DA SILVA MUNIZ
237;1685;9999;C;COM;TRANSF C/CORR PARA C.COR LUIZ GONCALVES NETO;#BCO;;;1191101;;;TRANSF C/CORR PARA C.COR LUIZ GONCALVES NETO
237;3014;9999;C;COM;TRANSF C/CORR PARA C.COR LUIZ MARINHO DE LIMA;#BCO;;;1191101;;;TRANSF C/CORR PARA C.COR LUIZ MARINHO DE LIMA
237;159;9999;C;COM;TRANSF C/CORR PARA C.COR NOBELPACK EMBALAGENS E LOGISTICA;#BCO;;;1191301;;;TRANSF C/CORR PARA C.COR NOBELPACK EMBALAGENS E LOGISTICA
237;1330;9999;C;COM;TRANSF C/CORR PARA C.COR OLIBRAS TELECOMUNICACOES LTDA;#BCO;;;1191101;;;TRANSF C/CORR PARA C.COR OLIBRAS TELECOMUNICACOES LTDA
237;1687;9999;C;COM;TRANSF C/CORR PARA C.COR REGINA CELIA DOS REIS ALMEIDA;#BCO;;;1191101;;;TRANSF C/CORR PARA C.COR REGINA CELIA DOS REIS ALMEIDA
237;3010;9999;C;COM;TRANSF CC AUTOAT Charles Santos de Oliveira;#BCO;;;1191301;;;TRANSF CC AUTOAT Charles Santos de Oliveira
237;3171;9999;C;COM;TRANSF CC PARA CC ;#BCO;;;1191101;;;TRANSF CC PARA CC 
237;43;9999;D;COM;TRANSF CC PARA CC;1191301;;;#BCO;;;TRANSF CC PARA CC
237;12452;9999;C;COM;TRANSF CC PARA CC PJ;#BCO;;;1191101;;;TRANSF CC PARA CC PJ
237;12654;9999;D;COM;TRANSF CC PARA CC PJ COPPERAF MATERIA PRIMA LTD;1191301;;;#BCO;;;TRANSF CC PARA CC PJ COPPERAF MATERIA PRIMA LTD
237;12653;9999;C;COM;TRANSF CC PARA CC PJ COPPERAF MATERIA PRIMA LTDA;#BCO;;;1191301;;;TRANSF CC PARA CC PJ COPPERAF MATERIA PRIMA LTDA
237;44;9999;D;COM;TRANSF CC PARA CC PJ DS CONSULTORIA;1191301;;;#BCO;;;TRANSF CC PARA CC PJ DS CONSULTORIA
237;52;9999;C;COM;TRANSF CC PARA CC PJ DSCON SOLUCOES TECNOLOGICAS LTDA;#BCO;;;1191301;;;TRANSF CC PARA CC PJ DSCON SOLUCOES TECNOLOGICAS LTDA
237;11630;9999;D;COM;TRANSF CC PARA CC PJ ELSON LUIZ POSSI;1191301;;;#BCO;;;TRANSF CC PARA CC PJ ELSON LUIZ POSSI
237;152;9999;C;COM;TRANSF CC PARA CC PJ FLDA COMERCIO E CONFECCAO;#BCO;;;1191301;;;TRANSF CC PARA CC PJ FLDA COMERCIO E CONFECCAO
237;4184;9999;D;COM;TRANSF CC PARA CC PJ H.P. CALCADOS E CONFECCOES;1191301;;;#BCO;;;TRANSF CC PARA CC PJ H.P. CALCADOS E CONFECCOES
237;373;9999;C;COM;TRANSF CC PARA CC PJ NOBELPLAST EMBALAGENS LTDA;#BCO;;;1191301;;;TRANSF CC PARA CC PJ NOBELPLAST EMBALAGENS LTDA
237;3592;9999;D;COM;TRANSF CC PARA CC PJ OLIBRAS TELECOMUNICACOES L;1191301;;;#BCO;;;TRANSF CC PARA CC PJ OLIBRAS TELECOMUNICACOES L
237;3591;9999;C;COM;TRANSF CC PARA CC PJ OLIBRAS TELECOMUNICACOES LTDA;#BCO;;;1191301;;;TRANSF CC PARA CC PJ OLIBRAS TELECOMUNICACOES LTDA
237;164;9999;D;COM;TRANSF CC PARA CC PJ S.A. BRASILEIRA DE ROLAMEN;1191301;;;#BCO;;;TRANSF CC PARA CC PJ S.A. BRASILEIRA DE ROLAMEN
237;6068;9999;D;COM;TRANSF CC PARA CC PJ SAINT CARLO COMERCIO DE AL;1191301;;;#BCO;;;TRANSF CC PARA CC PJ SAINT CARLO COMERCIO DE AL
237;6070;9999;C;COM;TRANSF CC PARA CC PJ SAINT CARLO COMERCIO DE ALIMEN;#BCO;;;1191301;;;TRANSF CC PARA CC PJ SAINT CARLO COMERCIO DE ALIMEN
237;6142;9999;D;COM;TRANSF CC PARA CC PJ SAINT CARLO FESTAS E EVENT;1191301;;;#BCO;;;TRANSF CC PARA CC PJ SAINT CARLO FESTAS E EVENT
237;6151;9999;C;COM;TRANSF CC PARA CC PJ SAINT CARLO FESTAS E EVENTOS L;#BCO;;;1191301;;;TRANSF CC PARA CC PJ SAINT CARLO FESTAS E EVENTOS L
237;12461;9999;C;COM;TRANSF CC PARA CC PJ SHOCK METAIS NAO FERROSOS;#BCO;;;1191301;;;TRANSF CC PARA CC PJ SHOCK METAIS NAO FERROSOS
237;640;9999;D;COM;TRANSF CC PARA CC PJ THAIS GALVAO SOARES;1191301;;;#BCO;;;TRANSF CC PARA CC PJ THAIS GALVAO SOARES
237;11586;9999;D;COM;TRANSF CC PARA CP PJ;1191201;;;#BCO;;;TRANSF CC PARA CP PJ
237;6162;9999;D;COM;TRANSF CC PARA CP PJ CHRISTIANE GASPAR COSTA;1191301;;;#BCO;;;TRANSF CC PARA CP PJ CHRISTIANE GASPAR COSTA
237;10366;9999;D;COM;TRANSF CC PARA CP PJ DANIELA SANTOS MARTINS PEREIRA;1191301;;;#BCO;;;TRANSF CC PARA CP PJ DANIELA SANTOS MARTINS PEREIRA
237;6067;9999;D;COM;TRANSF CC PARA CP PJ HECTOR MENDIZABAL COELHO;1191301;;;#BCO;;;TRANSF CC PARA CP PJ HECTOR MENDIZABAL COELHO
237;6103;9999;D;COM;TRANSF CC PARA CP PJ JAKSON DE SOUSA CAMELO;1191301;;;#BCO;;;TRANSF CC PARA CP PJ JAKSON DE SOUSA CAMELO
237;10360;9999;D;COM;TRANSF CC PARA CP PJ WWILSON NECIVAL DOS SANTOS JUN;1191301;;;#BCO;;;TRANSF CC PARA CP PJ WWILSON NECIVAL DOS SANTOS JUN
237;161;9999;C;COM;TRANSF CP AUTOAT;#BCO;;;1191101;;;TRANSF CP AUTOAT
237;12560;9999;C;COM;TRANSF CP PARA CC PJ ;1191101;;;#BCO;;;TRANSF CP PARA CC PJ 
237;1214;9999;C;COM;TRANSF CP PARA CC PJ NOBELPACK EMBALAGENS E LOGISTICA;#BCO;;;1191301;;;TRANSF CP PARA CC PJ NOBELPACK EMBALAGENS E LOGISTICA
237;12682;9999;C;COM;TRANSF CP PARA CC PJ TRANSFERENCIA;#BCO;;;1191301;;;TRANSF CP PARA CC PJ TRANSFERENCIA
237;132;9999;C;COM;TRANSF ENTRE AG CHQ/DINH;#BCO;;;1191101;;;TRANSF ENTRE AG CHQ/DINH
237;26;9999;C;COM;TRANSF ENTRE AGENC DINH;#BCO;;;1191101;;;TRANSF ENTRE AGENC DINH
237;2050;9999;D;COM;TRANSF FDOS DOC-E H BANK;1191201;;;#BCO;;;TRANSF FDOS DOC-E H BANK
237;47;9999;D;COM;TRANSF FDOS DOC-E H BANK DEST.;1191201;;;#BCO;;;TRANSF FDOS DOC-E H BANK DEST.
237;1131;9999;D;COM;TRANSF FDOS DOC-E H BANK DEST.SCREENS DO BRASIL FILTRAGEM;1191301;;;#BCO;;;TRANSF FDOS DOC-E H BANK DEST.SCREENS DO BRASIL FILTRAGEM
237;2832;9999;D;COM;TRANSF FONE FACIL PERS Ana Lucia da Silva Guerra;1191201;;;#BCO;;;TRANSF FONE FACIL PERS Ana Lucia da Silva Guerra
237;2189;9999;C;COM;TRANSF FONE FACIL PERS Ana Maria Esteves;#BCO;;;1191101;;;TRANSF FONE FACIL PERS Ana Maria Esteves
237;2338;9999;C;COM;TRANSF FONE FACIL PERS Angela Alves Moreira;#BCO;;;1191101;;;TRANSF FONE FACIL PERS Angela Alves Moreira
237;1571;9999;C;COM;TRANSF FONE FACIL PERS Ariana Cristina dos Anjos M da S;#BCO;;;1191101;;;TRANSF FONE FACIL PERS Ariana Cristina dos Anjos M da S
237;1734;9999;C;COM;TRANSF FONE FACIL PERS Arlene Valeria do Nascimento;#BCO;;;1191101;;;TRANSF FONE FACIL PERS Arlene Valeria do Nascimento
237;1600;9999;C;COM;TRANSF FONE FACIL PERS Arlete de Almieda de Oliveira;#BCO;;;1191101;;;TRANSF FONE FACIL PERS Arlete de Almieda de Oliveira
237;2843;9999;D;COM;TRANSF FONE FACIL PERS Claudia Franco Rodrigues;1191201;;;#BCO;;;TRANSF FONE FACIL PERS Claudia Franco Rodrigues
237;2835;9999;D;COM;TRANSF FONE FACIL PERS Claudia Zarro Pinheiro;1191201;;;#BCO;;;TRANSF FONE FACIL PERS Claudia Zarro Pinheiro
237;2098;9999;C;COM;TRANSF FONE FACIL PERS Cleyton Soares Cunha;#BCO;;;1191101;;;TRANSF FONE FACIL PERS Cleyton Soares Cunha
237;2089;9999;C;COM;TRANSF FONE FACIL PERS Cristiano Silva Leite;#BCO;;;1191101;;;TRANSF FONE FACIL PERS Cristiano Silva Leite
237;1599;9999;C;COM;TRANSF FONE FACIL PERS Daniel Augusto Machado Franca;#BCO;;;1191101;;;TRANSF FONE FACIL PERS Daniel Augusto Machado Franca
237;3018;9999;C;COM;TRANSF FONE FACIL PERS Danilo de Souza Lima;#BCO;;;1191101;;;TRANSF FONE FACIL PERS Danilo de Souza Lima
237;2336;9999;C;COM;TRANSF FONE FACIL PERS Denise Suhett Vilar;#BCO;;;1191101;;;TRANSF FONE FACIL PERS Denise Suhett Vilar
237;2096;9999;;COM;TRANSF FONE FACIL PERS Dina Maria Gomes Goncalves;#BCO;;;1191101;;;TRANSF FONE FACIL PERS Dina Maria Gomes Goncalves
237;1736;9999;C;COM;TRANSF FONE FACIL PERS Domingos Estevam Pereira Junior;#BCO;;;1191101;;;TRANSF FONE FACIL PERS Domingos Estevam Pereira Junior
237;2166;9999;C;COM;TRANSF FONE FACIL PERS Etiene Aparecida de S Dantas;#BCO;;;1191101;;;TRANSF FONE FACIL PERS Etiene Aparecida de S Dantas
237;2127;9999;C;COM;TRANSF FONE FACIL PERS Fabiane Cristina Brandao Souza;#BCO;;;1191301;;;TRANSF FONE FACIL PERS Fabiane Cristina Brandao Souza
237;2339;9999;C;COM;TRANSF FONE FACIL PERS Flavio Noronha de Souza;#BCO;;;1191101;;;TRANSF FONE FACIL PERS Flavio Noronha de Souza
237;2337;9999;C;COM;TRANSF FONE FACIL PERS Heloisa Ferreira Natal;#BCO;;;1191101;;;TRANSF FONE FACIL PERS Heloisa Ferreira Natal
237;2163;9999;C;COM;TRANSF FONE FACIL PERS Jose Arthur Bispo dos Reis;#BCO;;;1191101;;;TRANSF FONE FACIL PERS Jose Arthur Bispo dos Reis
237;2126;9999;C;COM;TRANSF FONE FACIL PERS Leiliane Silva de Almeida;#BCO;;;1191301;;;TRANSF FONE FACIL PERS Leiliane Silva de Almeida
237;2334;9999;C;COM;TRANSF FONE FACIL PERS Leonardo Silva Cerqueira;#BCO;;;1191101;;;TRANSF FONE FACIL PERS Leonardo Silva Cerqueira
237;2086;9999;C;COM;TRANSF FONE FACIL PERS Luciano Souza da Silva;#BCO;;;1191101;;;TRANSF FONE FACIL PERS Luciano Souza da Silva
237;3033;9999;C;COM;TRANSF FONE FACIL PERS Luis Alberto da Costa Santos;#BCO;;;1191101;;;TRANSF FONE FACIL PERS Luis Alberto da Costa Santos
237;1688;9999;C;COM;TRANSF FONE FACIL PERS Luiz Gustavo Salve Mariano de Fa;#BCO;;;1191101;;;TRANSF FONE FACIL PERS Luiz Gustavo Salve Mariano de Fa
237;2123;9999;C;COM;TRANSF FONE FACIL PERS Marcelo Pereira da Mota;#BCO;;;1191301;;;TRANSF FONE FACIL PERS Marcelo Pereira da Mota
237;2165;9999;C;COM;TRANSF FONE FACIL PERS Maria Locatelli;#BCO;;;1191101;;;TRANSF FONE FACIL PERS Maria Locatelli
237;2164;9999;C;COM;TRANSF FONE FACIL PERS Maria Madalena G dos Santos;#BCO;;;1191101;;;TRANSF FONE FACIL PERS Maria Madalena G dos Santos
237;2162;9999;C;COM;TRANSF FONE FACIL PERS Milton Redivo;#BCO;;;1191101;;;TRANSF FONE FACIL PERS Milton Redivo
237;2191;9999;C;COM;TRANSF FONE FACIL PERS Naife Chini Abicalil;#BCO;;;1191101;;;TRANSF FONE FACIL PERS Naife Chini Abicalil
237;3012;9999;C;COM;TRANSF FONE FACIL PERS Nilza Maria dos Reis;#BCO;;;1191101;;;TRANSF FONE FACIL PERS Nilza Maria dos Reis
237;2193;9999;C;COM;TRANSF FONE FACIL PERS Randerson Costa do Nascimento;#BCO;;;1191101;;;TRANSF FONE FACIL PERS Randerson Costa do Nascimento
237;2340;9999;C;COM;TRANSF FONE FACIL PERS Rio BRASIL Comercio de Piscinas;#BCO;;;1191101;;;TRANSF FONE FACIL PERS Rio BRASIL Comercio de Piscinas
237;2186;9999;C;COM;TRANSF FONE FACIL PERS Roosevelt Lutero Moura;#BCO;;;1191101;;;TRANSF FONE FACIL PERS Roosevelt Lutero Moura
237;2341;9999;C;COM;TRANSF FONE FACIL PERS Sandra Martins de Sa;#BCO;;;1191101;;;TRANSF FONE FACIL PERS Sandra Martins de Sa
237;2122;9999;C;COM;TRANSF FONE FACIL PERS Sandro de Melo Gomes;#BCO;;;1191301;;;TRANSF FONE FACIL PERS Sandro de Melo Gomes
237;1582;9999;C;COM;TRANSF FONE FACIL PERS Simone Reis;#BCO;;;1191101;;;TRANSF FONE FACIL PERS Simone Reis
237;2859;9999;C;COM;TRANSF FONE FACIL PERS Tatiana Cristina Silva de Souza;#BCO;;;1191101;;;TRANSF FONE FACIL PERS Tatiana Cristina Silva de Souza
237;2834;9999;D;COM;TRANSF FONE FACIL PERS Thais dos Santos Dantas da Silva;1191201;;;#BCO;;;TRANSF FONE FACIL PERS Thais dos Santos Dantas da Silva
237;2333;9999;C;COM;TRANSF FONE FACIL PERS Thiago Coelho Rodrigues;#BCO;;;1191101;;;TRANSF FONE FACIL PERS Thiago Coelho Rodrigues
237;1846;9999;C;COM;TRANSF FONE FACIL PERS Wagner do Carmo Gameleira;#BCO;;;1191101;;;TRANSF FONE FACIL PERS Wagner do Carmo Gameleira
237;1847;9999;C;COM;TRANSF INSS AUTOAT Adelina Bonzi de Assis;#BCO;;;1191101;;;TRANSF INSS AUTOAT Adelina Bonzi de Assis
237;2125;9999;C;COM;TRANSF INSS AUTOAT Alcides de Aquino Filho;#BCO;;;1191301;;;TRANSF INSS AUTOAT Alcides de Aquino Filho
237;2192;9999;C;COM;TRANSF INSS AUTOAT Almerinda Cordeiro Machado;#BCO;;;1191101;;;TRANSF INSS AUTOAT Almerinda Cordeiro Machado
237;2861;9999;C;COM;TRANSF INSS AUTOAT Diego Ervatti da Silva;#BCO;;;1191101;;;TRANSF INSS AUTOAT Diego Ervatti da Silva
237;2124;9999;C;COM;TRANSF INSS AUTOAT Fernando Luiz W Costa;#BCO;;;1191301;;;TRANSF INSS AUTOAT Fernando Luiz W Costa
237;2860;9999;C;COM;TRANSF INSS AUTOAT Mauro Mauricio de Souza Leao;#BCO;;;1191101;;;TRANSF INSS AUTOAT Mauro Mauricio de Souza Leao
237;4258;9999;C;COM;TRANSF INSS AUTOAT Meton Porto Gadelha;#BCO;;;1191101;;;TRANSF INSS AUTOAT Meton Porto Gadelha
237;2088;9999;C;COM;TRANSF POUP PARA C/CORR ;#BCO;;;05006;;;TRANSF POUP PARA C/CORR 
237;4605;9999;C;COM;TRANSF POUP PARA C/CORR JOSE RAIMUNDO SANTANA DE MATOS;#BCO;;;1191301;;;TRANSF POUP PARA C/CORR JOSE RAIMUNDO SANTANA DE MATOS
237;1213;9999;C;COM;TRANSF POUP PARA C/CORR NOBELPACK EMBALAGENS E LOGISTICA;#BCO;;;1191101;;;TRANSF POUP PARA C/CORR NOBELPACK EMBALAGENS E LOGISTICA
237;2528;9999;C;COM;TRANSF POUP PARA C/CORR OLIBRAS TELECOMUNICACOES LTDA;#BCO;;;1191101;;;TRANSF POUP PARA C/CORR OLIBRAS TELECOMUNICACOES LTDA
237;1565;9999;C;COM;TRANSF RECURSO -BCO24HS BC024HS;#BCO;;;1191101;;;TRANSF RECURSO -BCO24HS BC024HS
237;3494;9999;C;COM;TRANSF RECURSO -BCO24HS BC024HS - ENILSON CATAO DE FREIT;#BCO;;;1191101;;;TRANSF RECURSO -BCO24HS BC024HS - ENILSON CATAO DE FREIT
237;75;9999;C;COM;TRANSF RECURSO -BCO24HS BC024HS - WALTER PASSOS;#BCO;;;1191301;;;TRANSF RECURSO -BCO24HS BC024HS - WALTER PASSOS
237;2161;9999;C;COM;TRANSF VR ENTRE CTAS CB BRUNA CRISTINA LINO DE SOUZA;#BCO;;;1191101;;;TRANSF VR ENTRE CTAS CB BRUNA CRISTINA LINO DE SOUZA
237;2128;9999;C;COM;TRANSF VR ENTRE CTAS CB JAEL CATIZANO DAMASCENO;#BCO;;;1191301;;;TRANSF VR ENTRE CTAS CB JAEL CATIZANO DAMASCENO
237;2190;9999;C;COM;TRANSF VR ENTRE CTAS CB MAIKE ALVES VICENTE;#BCO;;;1191301;;;TRANSF VR ENTRE CTAS CB MAIKE ALVES VICENTE
237;5981;9999;C;COM;TRANSF. ENTRE CONTAS;#BCO;;;1191301;;;TRANSF. ENTRE CONTAS
237;106;9999;C;COM;TRANSF.AUTOMATICA CCDI;#BCO;;;05024;;;TRANSF.AUTOMATICA CCDI
237;11529;9999;C;COM;TRANSF.AUTORIZ.ENTRE C/C;#BCO;;;1191101;;;TRANSF.AUTORIZ.ENTRE C/C
237;4685;9999;C;COM;TRANSF.AUTORIZ.ENTRE C/C Adolfo Mario Paulo Sckianta;#BCO;;;11296;370211;;TRANSF.AUTORIZ.ENTRE C/C Adolfo Mario Paulo Sckianta
237;4667;9999;D;COM;TRANSF.AUTORIZ.ENTRE C/C Bruno Leal de Almeida;#BCO;;;1191301;;;TRANSF.AUTORIZ.ENTRE C/C Bruno Leal de Almeida
237;2335;9999;C;COM;TRANSF.AUTORIZ.ENTRE C/C Carlos Antonio Boechat de Olivei;#BCO;;;1191301;;;TRANSF.AUTORIZ.ENTRE C/C Carlos Antonio Boechat de Olivei
237;1341;9999;C;COM;TRANSF.AUTORIZ.ENTRE C/C CINCO O TELECOM LTDA;1191301;;;#BCO;;;TRANSF.AUTORIZ.ENTRE C/C CINCO O TELECOM LTDA
237;3821;9999;D;COM;TRANSF.AUTORIZ.ENTRE C/C DIVERSOS RECEBIMENTOS;1191301;;;#BCO;;;TRANSF.AUTORIZ.ENTRE C/C DIVERSOS RECEBIMENTOS
237;3484;9999;C;COM;TRANSF.AUTORIZ.ENTRE C/C Gleize Azevedo Mendes;#BCO;;;1191101;;;TRANSF.AUTORIZ.ENTRE C/C Gleize Azevedo Mendes
237;1088;9999;C;COM;TRANSF.AUTORIZ.ENTRE C/C Hilda Pontes de Carvalho;#BCO;;;1191101;;;TRANSF.AUTORIZ.ENTRE C/C Hilda Pontes de Carvalho
237;6104;9999;C;COM;TRANSF.AUTORIZ.ENTRE C/C Ismael Messias Scramin;#BCO;;;1191301;;;TRANSF.AUTORIZ.ENTRE C/C Ismael Messias Scramin
237;2051;9999;C;COM;TRANSF.AUTORIZ.ENTRE C/C Joedson Gomes da Silva;#BCO;;;1191301;;;TRANSF.AUTORIZ.ENTRE C/C Joedson Gomes da Silva
237;2899;9999;D;COM;TRANSF.AUTORIZ.ENTRE C/C MCT MOBILIDADE E CONTROLE TECNOL;1191201;;;#BCO;;;TRANSF.AUTORIZ.ENTRE C/C MCT MOBILIDADE E CONTROLE TECNOL
237;11589;9999;C;COM;TRANSF.AUTORIZ.ENTRE C/C Mirlania Dominguez da Silva;#BCO;;;1191101;;;TRANSF.AUTORIZ.ENTRE C/C Mirlania Dominguez da Silva
237;1393;9999;D;COM;TRANSF.AUTORIZ.ENTRE C/C OLITEL INTEGRADORA DE SISTEMAS T;1191201;;;#BCO;;;TRANSF.AUTORIZ.ENTRE C/C OLITEL INTEGRADORA DE SISTEMAS T
237;1089;9999;C;COM;TRANSF.AUTORIZ.ENTRE C/C Rodrigo Edelstein;#BCO;;;1191101;;;TRANSF.AUTORIZ.ENTRE C/C Rodrigo Edelstein
237;2905;9999;C;COM;TRANSF.AUTORIZ.ENTRE C/C TRANSGUARD   LOGISTICA DE TRANSI;#BCO;;;1191101;;;TRANSF.AUTORIZ.ENTRE C/C TRANSGUARD   LOGISTICA DE TRANSI
237;27;9999;C;COM;TRANSF.ENTRE AGEN.CHEQUE;#BCO;;;1191301;;;TRANSF.ENTRE AGEN.CHEQUE
237;12511;9999;D;COM;TRANSF.EXCEDENTEGARANTIA 03392 00011150;1191301;;;#BCO;;;TRANSF.EXCEDENTEGARANTIA 03392 00011150
237;12590;9999;D;COM;TRANSF.EXCEDENTEGARANTIA 03392 00015911;1191301;;;#BCO;;;TRANSF.EXCEDENTEGARANTIA 03392 00015911
237;12641;9999;D;COM;TRANSF.EXCEDENTEGARANTIA 03392 00016861;1191301;;;#BCO;;;TRANSF.EXCEDENTEGARANTIA 03392 00016861
237;12635;9999;C;COM;TRANSF.EXCEDENTEGARANTIA 03392 00016926;#BCO;;;1191301;;;TRANSF.EXCEDENTEGARANTIA 03392 00016926
237;12506;9999;C;COM;TRANSF.EXCEDENTEGARANTIA 03392 06005594;#BCO;;;1191301;;;TRANSF.EXCEDENTEGARANTIA 03392 06005594
237;12586;9999;C;COM;TRANSF.EXCEDENTEGARANTIA 03392 06005632;#BCO;;;1191301;;;TRANSF.EXCEDENTEGARANTIA 03392 06005632
237;516;9999;C;COM;TRANSF.FONE FACIL;#BCO;;;1191301;;;TRANSF.FONE FACIL
237;94;9999;C;COM;TRANSF.MMA.TITULARIDADE*;#BCO;;;1191301;;;TRANSF.MMA.TITULARIDADE*
237;29;9999;C;COM;TRANSF.POUP PARA C/C;#BCO;;;1191101;;;TRANSF.POUP PARA C/C
237;1566;9999;C;COM;TRANSF.RECURSO BDN/24HS BDN/24HS;#BCO;;;1191101;;;TRANSF.RECURSO BDN/24HS BDN/24HS
237;2527;9999;C;COM;TRANSF.RECURSO BDN/24HS BDN/24HS- SERGIO BARREIRO TEIXEI;#BCO;;;1191101;;;TRANSF.RECURSO BDN/24HS BDN/24HS- SERGIO BARREIRO TEIXEI
237;1567;9999;C;COM;TRANSF.RECURSO BDN/B24HS BDN/24HS;#BCO;;;1191101;;;TRANSF.RECURSO BDN/B24HS BDN/24HS
237;25;9999;C;COM;TRANSF.VALOR ENTRE CONTA;#BCO;;;1191301;;;TRANSF.VALOR ENTRE CONTA
237;514;9999;D;COM;TRANSF/DEP ;1191201;;;#BCO;;;TRANSF/DEP 
237;17;9999;D;COM;TRANSF/DEP IDENT;1191201;;;#BCO;;;TRANSF/DEP IDENT
237;4251;9999;D;COM;TRANSF/DEP IDENT DP6 NET ABOLICAO CAMINHOES E ONIBUS LTDA;1191201;;;#BCO;;;TRANSF/DEP IDENT DP6 NET ABOLICAO CAMINHOES E ONIBUS LTDA
237;12856;9999;D;COM;TRANSFERENC. DE AGENCIA*;1191301;;;#BCO;;;TRANSFERENC. DE AGENCIA*
237;3983;9999;D;COM;TRANSFERENCIA C/P BDN Marivaldo de Jesus Melo;1191301;;;#BCO;;;TRANSFERENCIA C/P BDN Marivaldo de Jesus Melo
237;720;9999;C;COM;TRANSFERENCIA CC PARA CC PJ SYSCOB SERVICOS DE COBRANCA LTDA;#BCO;;;1191301;;;TRANSFERENCIA CC PARA CC PJ SYSCOB SERVICOS DE COBRANCA LTDA
237;5166;9999;C;COM;TRANSFERENCIA INSS BDN Meton Porto Gadelha;#BCO;;;1191301;;;TRANSFERENCIA INSS BDN Meton Porto Gadelha
237;11760;9999;D;COM;TRANSFERENCIA PIX;1191201;;;#BCO;;;TRANSFERENCIA PIX
237;11759;9999;D;COM;TRANSFERENCIA PIX DES:;1191201;;;#BCO;;;TRANSFERENCIA PIX DES:
237;12347;9999;D;COM ;TRANSFERENCIA PIX DES: BESTPARK  REDE WR     09/05;1191301;;;#BCO;;;TRANSFERENCIA PIX DES: BESTPARK  REDE WR     09/05
237;11604;9999;C;COM;TRANSFERENCIA PIX REM:;#BCO;;;1191101;;;TRANSFERENCIA PIX REM:
237;12109;9999;C;COM;TRANSFERENCIA PIX REM: ADONAI QUIMICA S A    05/05;#BCO;;;1191101;;;TRANSFERENCIA PIX REM: ADONAI QUIMICA S A    05/05
237;12779;9999;D;COM;TRANSFERENCIA PIX REM: CLINIPAM CLINICA PARA 20/10;1191201;;;00884;;;TRANSFERENCIA PIX REM: CLINIPAM CLINICA PARA 
237;12665;9999;C;COM;TRANSFERENCIA PIX REM: EMPOLI ATIVIDADES DE;#BCO;;;1191301;;;TRANSFERENCIA PIX REM: EMPOLI ATIVIDADES DE
237;12778;9999;D;COM;TRANSFERENCIA PIX REM: NOTRE DAME INTERMEDIC 04/10;1191201;;;00884;;;TRANSFERENCIA PIX REM: NOTRE DAME INTERMEDIC 
237;12509;9999;C;COM;TRANSFERENCIA PIX REM: SHOCK METAIS NAO FERR;#BCO;;;1191301;;;TRANSFERENCIA PIX REM: SHOCK METAIS NAO FERR
237;11598;9999;C;COM;TRANSFERENCIA PIX REMT*;#BCO;;;1191101;;;TRANSFERENCIA PIX REMT*
237;4085;9999;D;COM;TV POR ASSINATURA CLARO TV-0210838736289;1191201;;;#BCO;;;TV POR ASSINATURA CLARO TV-0210838736289
237;85;9999;D;COM;TV POR ASSINATURA NET;1191201;;;#BCO;;;TV POR ASSINATURA NET
237;126;9999;C;COM;VALOR TRANSF.JUDICIAL OFICIO;#BCO;;;12112;;;VALOR TRANSF.JUDICIAL OFICIO
237;78;9999;C;COM;VENDA CARTAO DE CREDITO;#BCO;;;1191101;;;VENDA CARTAO DE CREDITO
237;12762;9999;C;COM;VISA CREDITO;#BCO;;;1191101;;;VISA CREDITO
237;12701;9999;C;COM;VISA CREDITO ONIX SERVICOS DE VALOR AGREGADO;#BCO;;;1191101;;;VISA CREDITO ONIX SERVICOS DE VALOR AGREGADO
